Symbol,Current Price,Date,Time,Change,Open,High,Low,Volume,Trade Date,Purchase Price,Quantity,Commission,High Limit,Low Limit,Comment
CTVCX,13.67,2017/08/04,17:46 EDT,-0.33,,,,,,,,,,,
MFPDX,14.6341,2016/08/19,20:01 EDT,0.0941,,,,,,,,,,,
HGOIX,45.07,2017/08/04,17:18 EDT,0.29,,,,,,,,,,,
MSVYX,15.54,2017/08/04,17:14 EDT,0.1,,,,,,,,,,,
BPTRX,48.13,2017/08/04,17:30 EDT,0.31,,,,,,,,,,,
HSCBX,13.97,2017/08/04,17:26 EDT,0.09,,,,,,,,,,,
SEPCX,9.31,2017/08/04,17:03 EDT,0.06,,,,,,,,,,,
KMKCX,20.14,2017/08/04,17:31 EDT,-0.02,,,,,,,,,,,
FNCRX,23.26,2017/08/04,17:37 EDT,0.15,,,,,,,,,,,
SWXEX,10.85,2017/08/03,20:01 EDT,0.07,,,,,,,,,,,
PGOAX,24.8,2017/08/04,17:29 EDT,0.16,,,,,,,,,,,
HSMCX,13.95,2017/08/04,17:26 EDT,0.09,,,,,,,,,,,
HERAX,9.3,2017/08/04,17:18 EDT,0.06,,,,,,,,,,,
HERRX,9.3,2017/08/04,17:18 EDT,0.06,,,,,,,,,,,
MMQSX,17.05,2017/08/04,17:17 EDT,0.11,,,,,,,,,,,
HGOAX,43.39,2017/08/04,17:18 EDT,0.28,,,,,,,,,,,
WFQGX,10.84,2015/10/23,18:45 EDT,0.069999695,,,,,,,,,,,
ATIBX,17.01,2017/08/04,17:21 EDT,0.11,,,,,,,,,,,
HCGOX,35.56,2017/08/04,17:18 EDT,0.23,,,,,,,,,,,
TVRAX,15.46,2017/08/04,16:50 EDT,0.1,,,,,,,,,,,
FDILBX,10.0153,2014/09/19,20:01 EDT,0.0648,,,,,,,,,,,
HERYX,9.27,2017/08/04,17:18 EDT,0.06,,,,,,,,,,,
MSCLX,15.45,2017/08/04,17:14 EDT,0.1,,,,,,,,,,,
MFRDX,14.4335,2016/08/19,20:01 EDT,0.0935,,,,,,,,,,,
NQFNCX,8.96,2016/01/15,20:01 EST,0.0581,,,,,,,,,,,
RWGFX,18.5,2017/08/04,17:16 EDT,0.12,,,,,,,,,,,
HGOYX,47.79,2017/08/04,17:18 EDT,0.31,,,,,,,,,,,
HSMYX,13.87,2017/08/04,17:18 EDT,0.09,,,,,,,,,,,
IDVLEX,10.4356,2017/08/04,17:26 EDT,0.0678,,,,,,,,,,,
HERTX,9.23,2017/08/04,17:18 EDT,0.06,,,,,,,,,,,
HSMTX,13.84,2017/08/04,17:18 EDT,0.09,,,,,,,,,,,
JESGX,9.22,2017/08/04,17:23 EDT,0.06,,,,,,,,,,,
HSCYX,23.04,2017/08/04,17:26 EDT,0.15,,,,,,,,,,,
CRSVX,19.96,2017/08/04,17:08 EDT,0.13,,,,,,,,,,,
FCRKHX,10.1166,2017/08/04,17:00 EDT,0.0659,0.0,0.0,0.0,0,,,,,,,
BPTUX,49.05,2017/08/04,17:30 EDT,0.32,,,,,,,,,,,
BPTIX,49.05,2017/08/04,17:30 EDT,0.32,,,,,,,,,,,
IDWJOX,9.9324,2017/08/04,17:26 EDT,0.0648,0.0,0.0,0.0,0,,,,,,,
WFVAX,12.26,2016/07/29,08:29 EDT,0.08,,,,,,,,,,,
CEQSHX,10.1564,2017/08/04,17:23 EDT,0.0663,0.0,0.0,0.0,0,,,,,,,
BRSVX,24.5,2017/08/04,17:23 EDT,0.16,,,,,,,,,,,
IHSIX,19.9,2017/08/04,17:26 EDT,0.13,,,,,,,,,,,
COZIX,21.43,2017/08/04,17:18 EDT,0.14,,,,,,,,,,,
HIASX,18.36,2017/08/04,17:26 EDT,0.12,,,,,,,,,,,
QRABX,1.52,2016/07/18,04:55 EDT,0.01,,,,,,,,,,,
MBDCX,0.0,1969/12/31,19:00 EST,0.1099987,,,,,,,,,,,
MMQTX,16.81,2017/08/04,17:17 EDT,0.11,,,,,,,,,,,
DCCCX,21.39,2017/08/04,17:24 EDT,0.14,,,,,,,,,,,
TREBX,9.15,2017/08/04,17:38 EDT,-0.01,,,,,,,,,,,
FMYLOX,14.2587,2017/08/04,17:00 EDT,0.0934,,,,,,,,,,,
KMKYX,21.36,2017/08/04,17:31 EDT,-0.01,,,,,,,,,,,
AMRNGX,11.0471,2017/08/04,17:14 EDT,0.0724,,,,,,,,,,,
SYCSX,13.73,2017/07/19,20:01 EDT,0.09,,,,,,,,,,,
BSVGX,13.73,2017/08/04,17:30 EDT,0.09,,,,,,,,,,,
FBBTLX,7.4593,2015/06/15,20:01 EDT,0.0489,,,,,,,,,,,
CISVX,19.83,2017/08/04,17:08 EDT,0.13,,,,,,,,,,,
IDWDIX,9.6658,2017/08/04,17:26 EDT,0.0634,,,,,,,,,,,
HGOTX,47.23,2017/08/04,17:18 EDT,0.31,,,,,,,,,,,
MACGX,19.72,2017/08/04,17:20 EDT,-0.07,,,,,,,,,,,
ILGVAX,11.8274,2017/08/04,17:26 EDT,0.0777,,,,,,,,,,,
FVIBX,10.65,2016/06/24,20:00 EDT,0.07,,,,,,,,,,,
VWESX,10.57,2017/08/04,17:48 EDT,-0.07,,,,,,,,,,,
VWETX,10.57,2017/08/04,17:48 EDT,-0.07,,,,,,,,,,,
LACBX,13.69,2016/04/27,10:42 EDT,0.09,,,,,,,,,,,
DILYX,12.15,2017/08/04,17:27 EDT,0.08,,,,,,,,,,,
UBVFX,66.72,2017/08/04,17:44 EDT,0.44,,,,,,,,,,,
DLBMX,15.16,2017/08/04,17:14 EDT,0.1,,,,,,,,,,,
HSOAX,10.61,2017/08/04,16:53 EDT,0.07,,,,,,,,,,,
FNRAX,25.75,2017/08/04,17:36 EDT,0.17,,,,,,,,,,,
GBMLLX,10.1591,2017/08/04,17:14 EDT,0.0671,0.0,0.0,0.0,0,,,,,,,
UBVVX,66.6,2017/08/04,17:44 EDT,0.44,,,,,,,,,,,
HFQFEX,10.699,2015/07/10,20:01 EDT,0.0707,,,,,,,,,,,
HBGOX,34.79,2017/08/04,17:18 EDT,0.23,,,,,,,,,,,
QCSCX,16.63,2017/08/04,17:31 EDT,0.11,,,,,,,,,,,
SUCBX,12.09,2015/10/15,18:45 EDT,0.07999992,,,,,,,,,,,
TBEGX,18.11,2017/08/03,20:00 EDT,0.12,,,,,,,,,,,
FENATX,9.1002,2015/04/10,20:01 EDT,0.0603,,,,,,,,,,,
UBVSX,66.38,2017/08/04,17:44 EDT,0.44,,,,,,,,,,,
UBVUX,66.37,2017/08/04,17:44 EDT,0.44,,,,,,,,,,,
CRMSX,18.09,2017/08/04,17:09 EDT,0.12,,,,,,,,,,,
SCPCX,12.06,2015/10/15,18:45 EDT,0.08000088,,,,,,,,,,,
KACIX,16.58,2017/08/04,17:16 EDT,0.11,,,,,,,,,,,
MOORX,15.06,2017/08/04,17:14 EDT,0.1,,,,,,,,,,,
MGWAX,15.06,2017/08/04,17:31 EDT,0.1,,,,,,,,,,,
MFNDX,14.4963,2016/08/19,20:01 EDT,0.0963,,,,,,,,,,,
HMVJX,15.04,2017/08/04,17:18 EDT,0.1,,,,,,,,,,,
FYSEIX,6.4429,2017/06/06,20:01 EDT,0.0429,,,,,,,,,,,
MUSRX,21.02,2017/08/04,16:56 EDT,0.14,,,,,,,,,,,
FHEKMX,9.5929,2015/12/02,20:01 EST,0.0639,,,,,,,,,,,
MCCRX,15.01,2017/08/04,17:14 EDT,0.1,,,,,,,,,,,
IEHCSX,10.7015,2017/08/04,17:26 EDT,0.0713,,,,,,,,,,,
DCZRX,24.0,2017/08/04,17:24 EDT,0.16,,,,,,,,,,,
AGRBJX,9.8373,2017/08/04,17:14 EDT,0.0656,0.0,0.0,0.0,0,,,,,,,
UBVRX,64.47,2017/08/04,17:44 EDT,0.43,,,,,,,,,,,
ETGLX,29.98,2017/08/04,16:55 EDT,0.2,,,,,,,,,,,
DCCIX,23.98,2017/08/04,17:24 EDT,0.16,,,,,,,,,,,
SLPBX,17.98,2017/01/24,20:00 EST,0.12,,,,,,,,,,,
TSDSDX,8.7023,2015/09/29,20:01 EDT,0.0581,,,,,,,,,,,
FNTBLX,14.082,2014/08/22,20:01 EDT,0.0941,,,,,,,,,,,
IFFBX,10.47,2017/05/09,20:00 EDT,0.07,,,,,,,,,,,
FPWNUX,7.9828,2016/03/03,20:01 EST,0.0534,,,,,,,,,,,
UBVCX,61.28,2017/08/04,17:44 EDT,0.41,,,,,,,,,,,
ETAGX,29.88,2017/08/04,16:55 EDT,0.2,,,,,,,,,,,
GTCCX,22.41,2017/08/04,17:31 EDT,0.15,,,,,,,,,,,
QUSVX,23.9,2017/08/04,17:16 EDT,0.16,,,,,,,,,,,
LCSIX,8.96,2017/08/03,20:01 EDT,0.06,,,,,,,,,,,
FAUELX,8.9646,2015/04/22,20:01 EDT,0.0601,,,,,,,,,,,
FNIORX,11.615,2015/05/04,11:19 EDT,0.0779,,,,,,,,,,,
KMKAX,20.85,2017/08/04,17:31 EDT,-0.02,,,,,,,,,,,
BRUYX,10.43,2017/08/04,17:16 EDT,0.07,,,,,,,,,,,
ARTLX,14.9,2017/08/04,17:39 EDT,0.1,,,,,,,,,,,
CTXRX,11.92,2016/05/23,05:37 EDT,0.08,,,,,,,,,,,
VGENX,49.17,2017/08/04,17:31 EDT,0.33,,,,,,,,,,,
ENPIX,32.75,2017/08/04,17:43 EDT,0.22,,,,,,,,,,,
FGYEOX,13.3351,2014/10/03,20:01 EDT,0.0896,,,,,,,,,,,
AAMGKX,9.5121,2015/12/14,20:01 EST,0.064,,,,,,,,,,,
ENOPKX,9.2142,2017/08/04,17:14 EDT,0.062,0.0,0.0,0.0,0,,,,,,,
QSVIX,25.26,2017/08/04,17:16 EDT,0.17,,,,,,,,,,,
FFGCX,11.88,2017/08/04,17:20 EDT,0.08,,,,,,,,,,,
FFGIX,11.88,2017/08/04,17:20 EDT,0.08,,,,,,,,,,,
XBBNX,23.74,2017/08/04,12:32 EDT,0.0,,,,,,,,,,,
GIGAEX,9.6163,2017/04/27,20:01 EDT,0.0649,,,,,,,,,,,
CANTX,8.89,2017/08/03,20:00 EDT,0.06,,,,,,,,,,,
BACIX,10.37,2017/08/04,17:30 EDT,0.07,,,,,,,,,,,
FFGAX,11.85,2017/08/04,17:20 EDT,0.08,,,,,,,,,,,
LCSAX,8.88,2017/08/03,20:01 EDT,0.06,,,,,,,,,,,
CABCOX,6.6742,2015/09/16,20:01 EDT,0.0451,,,,,,,,,,,
KDCIX,14.79,2017/02/23,20:01 EST,0.1,,,,,,,,,,,
ETCGX,28.09,2017/08/04,16:55 EDT,0.19,,,,,,,,,,,
TSBPAX,9.6621,2017/08/04,16:54 EDT,0.0654,,,,,,,,,,,
PROVX,13.28,2017/08/04,17:16 EDT,0.09,,,,,,,,,,,
FABCOX,9.2711,2016/12/29,20:01 EST,0.0629,,,,,,,,,,,
FHSPNX,11.7405,2017/08/04,17:00 EDT,0.0797,,,,,,,,,,,
ENPSX,27.98,2017/08/04,17:43 EDT,0.19,,,,,,,,,,,
SGQBX,23.55,2016/12/29,20:01 EST,0.16,,,,,,,,,,,
WAEMX,2.94,2017/08/04,17:18 EDT,0.02,,,,,,,,,,,
QSVCX,19.1,2017/08/04,17:16 EDT,0.13,,,,,,,,,,,
DCCAX,23.5,2017/08/04,17:24 EDT,0.16,,,,,,,,,,,
CFCIX,11.75,2016/05/23,06:16 EDT,0.08,,,,,,,,,,,
MGWBX,14.68,2017/08/04,17:31 EDT,0.1,,,,,,,,,,,
HMVTX,16.14,2017/08/04,17:18 EDT,0.11,,,,,,,,,,,
QLSCX,19.07,2017/08/04,17:31 EDT,0.13,,,,,,,,,,,
JIIDX,8.8,2017/08/03,20:00 EDT,0.06,,,,,,,,,,,
FICIX,11.73,2017/08/04,17:44 EDT,0.08,,,,,,,,,,,
FEJCQX,9.7914,2017/08/04,17:00 EDT,0.0668,,,,,,,,,,,
CFINEX,12.4259,2017/08/04,17:23 EDT,0.0848,,,,,,,,,,,
FOPAFX,10.2092,2017/08/04,17:14 EDT,0.0697,0.0,0.0,0.0,0,,,,,,,
IHSAX,19.04,2017/08/04,17:26 EDT,0.13,,,,,,,,,,,
FCORWX,10.0869,2016/12/08,18:45 EST,0.06890011,,,,,,,,,,,
CCMAX,11.71,2016/05/23,06:15 EDT,0.08,,,,,,,,,,,
FTEDAX,7.9143,2014/12/03,20:01 EST,0.0541,,,,,,,,,,,
SFPAX,10.24,2017/08/04,17:31 EDT,0.07,,,,,,,,,,,
INWMLX,8.9055,2016/12/28,20:01 EST,0.0609,,,,,,,,,,,
CSYIX,36.55,2017/03/24,20:00 EDT,0.25,,,,,,,,,,,
BRTNX,26.31,2017/08/04,17:20 EDT,0.18,,,,,,,,,,,
CMECX,11.66,2016/05/23,05:36 EDT,0.08,,,,,,,,,,,
RDPSX,24.77,2017/08/04,17:40 EDT,0.17,,,,,,,,,,,
AMRNJX,9.4701,2017/08/04,17:14 EDT,0.065,,,,,,,,,,,
FEVRMX,12.1344,2017/08/03,20:01 EDT,0.0833,,,,,,,,,,,
GTPAIX,13.2234,2017/08/04,17:14 EDT,0.0908,,,,,,,,,,,
FOEKTX,9.3925,2015/03/04,20:01 EST,0.0645,,,,,,,,,,,
HRMGX,10.19,2017/08/04,17:34 EDT,0.07,,,,,,,,,,,
GBMLGX,12.7038,2017/08/04,17:14 EDT,0.0873,,,,,,,,,,,
SDVIX,16.0,2015/10/23,18:45 EDT,0.10999966,,,,,,,,,,,
SPWCX,16.03,2017/08/04,17:49 EDT,0.03,,,,,,,,,,,
FDTMPX,10.1944,2017/08/04,17:00 EDT,0.0701,0.0,0.0,0.0,0,,,,,,,
ESFIX,10.17,2017/08/03,20:00 EDT,0.07,,,,,,,,,,,
FINMX,13.07,2017/08/03,20:00 EDT,0.09,,,,,,,,,,,
CENPVX,8.1303,2017/08/04,17:23 EDT,0.056,,,,,,,,,,,
TPMIX,11.61,2015/08/28,18:36 EDT,0.07999992,,,,,,,,,,,
GTTIX,23.22,2017/08/04,17:31 EDT,0.16,,,,,,,,,,,
BACSX,10.15,2017/08/04,17:30 EDT,0.07,,,,,,,,,,,
ETILX,30.43,2017/08/04,16:55 EDT,0.21,,,,,,,,,,,
JMICX,8.66,2017/08/04,17:48 EDT,-0.03,,,,,,,,,,,
GABTX,23.17,2017/08/04,17:31 EDT,0.16,,,,,,,,,,,
DILCX,11.58,2017/08/04,17:27 EDT,0.08,,,,,,,,,,,
FPDKGX,10.0991,2017/02/03,20:01 EST,0.0698,,,,,,,,,,,
IHSSX,21.66,2017/08/04,17:26 EDT,0.15,,,,,,,,,,,
BACAX,10.1,2017/08/04,17:30 EDT,0.07,,,,,,,,,,,
TSLRX,11.54,2017/08/04,17:34 EDT,0.08,,,,,,,,,,,
TPMAX,11.53,2015/08/28,18:36 EDT,0.07999992,,,,,,,,,,,
DILBX,11.53,2017/08/04,17:27 EDT,0.08,,,,,,,,,,,
IHSVX,23.05,2017/08/04,17:26 EDT,0.16,,,,,,,,,,,
IDEUIX,8.20295,2015/05/29,09:13 EDT,0.056949615,,,,,,,,,,,
FREWOX,11.563,2017/04/06,20:01 EDT,0.0803,,,,,,,,,,,
BOTSX,17.26,2017/08/04,17:15 EDT,0.12,,,,,,,,,,,
CCFRX,11.5,2016/05/23,06:15 EDT,0.08,,,,,,,,,,,
INNHAX,11.2311,2016/12/28,20:01 EST,0.0782,,,,,,,,,,,
JEESX,14.34,2017/08/04,17:43 EDT,0.1,,,,,,,,,,,
BGEPX,16.9347,2017/08/03,20:00 EDT,0.1181,,,,,,,,,,,
TRSLX,11.47,2017/08/04,17:34 EDT,0.08,,,,,,,,,,,
TSLIX,11.47,2017/08/04,17:34 EDT,0.08,,,,,,,,,,,
FWRTVX,9.6744,2017/08/04,17:00 EDT,0.0675,,,,,,,,,,,
RWGIX,18.63,2017/08/04,17:16 EDT,0.13,,,,,,,,,,,
EGAIX,10.03,2016/06/21,15:17 EDT,0.07,,,,,,,,,,,
CTIPAX,8.9553,2015/08/26,20:01 EDT,0.0625,,,,,,,,,,,
FUTSPX,10.3304,2015/09/09,20:01 EDT,0.0721,,,,,,,,,,,
IFINIX,10.0001,2017/08/04,17:26 EDT,0.0698,,,,,,,,,,,
TSLFX,11.46,2017/08/04,17:34 EDT,0.08,,,,,,,,,,,
FEBNCX,8.6066,2016/12/29,20:01 EST,0.0601,,,,,,,,,,,
DXELX,51.55,2017/08/04,17:31 EDT,0.36,,,,,,,,,,,
EGACX,10.02,2016/06/21,15:17 EDT,0.07,,,,,,,,,,,
GTPAJX,12.7378,2017/08/04,17:14 EDT,0.089,,,,,,,,,,,
FSWGUX,9.9268,2017/02/03,20:01 EST,0.0694,,,,,,,,,,,
FGTCRX,11.883,2017/04/06,20:01 EDT,0.0831,,,,,,,,,,,
CRSGX,18.58,2017/08/04,17:08 EDT,0.13,,,,,,,,,,,
FNIEZX,10.8804,2014/12/15,20:01 EST,0.0762,,,,,,,,,,,
DGMIX,12.84,2017/08/04,17:34 EDT,0.09,,,,,,,,,,,
DGMMX,12.84,2017/08/04,17:34 EDT,0.09,,,,,,,,,,,
GBMLIX,12.0807,2017/08/04,17:14 EDT,0.0847,,,,,,,,,,,
ESFCX,9.98,2017/08/03,20:00 EDT,0.07,,,,,,,,,,,
COZAX,21.38,2017/08/04,17:18 EDT,0.15,,,,,,,,,,,
ROFKX,11.4,2017/08/04,17:08 EDT,0.08,,,,,,,,,,,
TSLWX,11.4,2017/08/04,17:34 EDT,0.08,,,,,,,,,,,
CANOX,8.55,2017/08/03,20:00 EDT,0.06,,,,,,,,,,,
TCCFX,11.39,2017/08/04,17:34 EDT,0.08,,,,,,,,,,,
ISMTX,11.39,2017/08/04,17:34 EDT,0.08,,,,,,,,,,,
TSLAX,11.39,2017/08/04,17:34 EDT,0.08,,,,,,,,,,,
HDMBX,17.08,2017/08/04,17:26 EDT,0.12,,,,,,,,,,,
IHSFX,19.92,2017/08/04,17:26 EDT,0.14,,,,,,,,,,,
FMYTRX,9.5139,2014/07/17,20:01 EDT,0.0669,,,,,,,,,,,
DISFX,15.64,2017/08/03,20:00 EDT,0.11,,,,,,,,,,,
FJUIRX,10.3574,2017/08/04,17:00 EDT,0.0729,,,,,,,,,,,
CCASX,46.86,2017/08/04,17:02 EDT,0.33,,,,,,,,,,,
FFBFX,41.14,2017/08/04,17:14 EDT,0.29,,,,,,,,,,,
FLAKBX,9.2165,2016/04/21,20:01 EDT,0.065,,,,,,,,,,,
ESDCX,8.5,2017/08/03,20:00 EDT,0.06,,,,,,,,,,,
JEEAX,14.16,2017/08/04,17:43 EDT,0.1,,,,,,,,,,,
IFINFX,11.5211,2017/08/04,17:26 EDT,0.0814,,,,,,,,,,,
MMQLX,16.98,2017/08/04,17:17 EDT,0.12,,,,,,,,,,,
ESDIX,8.49,2017/08/03,20:00 EDT,0.06,,,,,,,,,,,
CCFCX,11.31,2016/05/23,06:15 EDT,0.08,,,,,,,,,,,
FYNZOX,9.4814,2017/08/04,17:00 EDT,0.0317,,,,,,,,,,,
HJPNX,31.03,2017/08/04,17:16 EDT,0.01,,,,,,,,,,,
CPMMEX,5.8229,2015/10/28,20:01 EDT,0.0413,,,,,,,,,,,
HSSIX,43.7,2017/08/04,17:14 EDT,0.31,,,,,,,,,,,
FZANSX,9.4869,2017/08/04,17:00 EDT,0.0673,,,,,,,,,,,
AAMIUX,10.1867,2015/12/14,20:01 EST,0.0723,,,,,,,,,,,
LMCLX,8.45,2017/08/04,17:16 EDT,0.06,,,,,,,,,,,
DSKIX,18.3,2017/08/03,20:00 EDT,0.13,,,,,,,,,,,
IUTBX,9.85,2017/08/04,17:28 EDT,0.07,,,,,,,,,,,
SBMBX,11.25,2017/08/04,17:03 EDT,0.08,,,,,,,,,,,
MURSX,16.87,2017/08/04,16:39 EDT,0.12,,,,,,,,,,,
MSUSX,16.86,2017/08/04,16:39 EDT,0.12,,,,,,,,,,,
FHCRMX,10.8019,2017/08/04,17:00 EDT,0.0769,,,,,,,,,,,
FYAQNX,1167.25,2017/08/04,17:00 EDT,-8.33,,,,,,,,,,,
WTSGX,12.64,2017/08/04,17:05 EDT,0.09,,,,,,,,,,,
PSEAX,12.64,2017/06/29,20:01 EDT,0.09,,,,,,,,,,,
FINABX,14.176,2017/08/04,17:14 EDT,0.101,,,,,,,,,,,
MMQFX,16.84,2017/08/04,17:17 EDT,0.12,,,,,,,,,,,
FATYSX,7.8566,2015/04/15,20:01 EDT,0.0561,,,,,,,,,,,
TEEMX,5.6,2017/08/04,17:47 EDT,0.04,,,,,,,,,,,
FCSGX,16.8,2017/08/04,17:36 EDT,0.12,,,,,,,,,,,
CURZX,4.2,2017/08/04,17:16 EDT,0.03,,,,,,,,,,,
SMGPMX,9.8204,2017/08/04,16:54 EDT,0.0702,,,,,,,,,,,
FBLUDX,9.1011,2017/02/03,20:01 EST,0.0651,,,,,,,,,,,
GIFFX,27.96,2017/08/04,17:36 EDT,0.2,,,,,,,,,,,
FGLTMX,9.2678,2015/03/16,20:01 EDT,0.0663,,,,,,,,,,,
FKHYRX,9.4038,2014/12/17,20:01 EST,0.0673,,,,,,,,,,,
INWMKX,9.0423,2016/04/08,20:01 EDT,0.0648,,,,,,,,,,,
ROFRX,12.55,2017/08/04,17:08 EDT,0.09,,,,,,,,,,,
FOVNCX,11.3441,2014/10/03,20:01 EDT,0.0814,,,,,,,,,,,
CIPOX,12.53,2017/08/04,17:16 EDT,0.09,,,,,,,,,,,
FNYBX,13.92,2016/06/24,20:00 EDT,0.1,,,,,,,,,,,
AGRBGX,12.351,2017/08/04,17:14 EDT,0.0888,,,,,,,,,,,
FSEHCX,10.7329,2016/11/08,18:45 EST,0.07730007,,,,,,,,,,,
RYPNX,13.88,2017/08/04,17:08 EDT,0.1,,,,,,,,,,,
IVGIX,26.35,2017/08/04,17:38 EDT,0.19,,,,,,,,,,,
HSSAX,42.95,2017/08/04,17:14 EDT,0.31,,,,,,,,,,,
DVLSX,13.84,2017/08/03,20:00 EDT,0.1,,,,,,,,,,,
CURAX,4.15,2017/08/04,17:16 EDT,0.03,,,,,,,,,,,
ACGJX,27.66,2017/08/04,17:35 EDT,0.2,,,,,,,,,,,
FLWASX,12.6788,2017/02/10,20:01 EST,0.0917,,,,,,,,,,,
WILSX,12.44,2017/08/04,17:18 EDT,0.09,,,,,,,,,,,
FAIBX,13.82,2016/06/27,05:59 EDT,0.1,,,,,,,,,,,
LAUBX,15.18,2016/04/27,10:43 EDT,0.11,,,,,,,,,,,
DTGCX,38.69,2017/08/04,16:57 EDT,0.28,,,,,,,,,,,
SMMHFX,8.687,2017/08/04,16:54 EDT,0.0629,,,,,,,,,,,
RYKCX,66.27,2017/08/04,16:49 EDT,0.48,,,,,,,,,,,
GEAUX,8.28,2017/08/03,20:00 EDT,0.06,,,,,,,,,,,
SPWYX,17.96,2017/08/04,17:49 EDT,0.03,,,,,,,,,,,
CLSIX,9.65,2017/08/03,20:00 EDT,0.07,,,,,,,,,,,
CFINIX,9.8674,2017/08/04,17:23 EDT,0.0716,0.0,0.0,0.0,0,,,,,,,
GLLVX,13.5081,2016/04/04,07:04 EDT,0.0981,,,,,,,,,,,
BACCX,9.62,2017/08/04,17:30 EDT,0.07,,,,,,,,,,,
BURJX,30.23,2016/06/30,20:00 EDT,0.22,,,,,,,,,,,
CABCPX,5.3834,2016/12/30,20:01 EST,0.0392,,,,,,,,,,,
BURHX,32.91,2016/06/30,20:00 EDT,0.24,,,,,,,,,,,
JIMSX,21.93,2017/08/04,17:17 EDT,0.16,,,,,,,,,,,
RYKAX,71.24,2017/08/04,16:49 EDT,0.52,,,,,,,,,,,
RGHVX,13.7,2016/06/06,06:40 EDT,0.1,,,,,,,,,,,
FWQPGX,8.1096,2015/04/13,20:01 EDT,0.0592,,,,,,,,,,,
USPSX,25.94,2017/08/04,17:42 EDT,-0.07,,,,,,,,,,,
CLSVX,9.58,2017/08/03,20:00 EDT,0.07,,,,,,,,,,,
SMCIGX,8.3751,2016/12/29,20:01 EST,0.0612,,,,,,,,,,,
CBMBX,30.07,2017/01/24,20:00 EST,0.22,,,,,,,,,,,
FJYGRX,1130.94,2017/08/04,17:00 EDT,-8.69,,,,,,,,,,,
MUSDX,16.39,2017/08/04,16:39 EDT,0.12,,,,,,,,,,,
DILAX,12.29,2017/08/04,17:27 EDT,0.09,,,,,,,,,,,
SFPIX,10.92,2017/08/04,17:31 EDT,0.08,,,,,,,,,,,
DTEYX,53.22,2017/08/04,16:57 EDT,0.39,,,,,,,,,,,
MSULX,16.37,2017/08/04,16:39 EDT,0.12,,,,,,,,,,,
PMPAX,10.91,2016/03/30,07:32 EDT,0.08,,,,,,,,,,,
GIRBX,12.27,2015/10/23,18:45 EDT,0.09000015,,,,,,,,,,,
DGVRX,53.16,2017/08/04,16:54 EDT,0.39,,,,,,,,,,,
AGRBIX,10.4629,2017/08/04,17:14 EDT,0.0768,,,,,,,,,,,
FGTYX,9.8624,2017/08/03,20:00 EDT,0.0724,,,,,,,,,,,
DILSX,12.24,2017/08/03,20:00 EDT,0.09,,,,,,,,,,,
SFSLX,23.11,2017/08/04,17:16 EDT,0.17,,,,,,,,,,,
SSEIX,13.59,2017/08/04,17:35 EDT,0.1,,,,,,,,,,,
MSURX,16.3,2017/08/04,16:39 EDT,0.12,,,,,,,,,,,
FVNQPX,7.7492,2015/12/04,20:01 EST,0.0571,,,,,,,,,,,
HDOAX,10.3362,2016/04/08,14:08 EDT,0.0762,,,,,,,,,,,
APHLX,14.92,2017/08/04,17:39 EDT,0.11,,,,,,,,,,,
SSEFX,13.55,2017/08/04,17:35 EDT,0.1,,,,,,,,,,,
RMBCX,16.25,2017/08/04,17:30 EDT,0.12,,,,,,,,,,,
RYKIX,79.89,2017/08/04,16:49 EDT,0.59,,,,,,,,,,,
APDLX,14.88,2017/08/04,17:39 EDT,0.11,,,,,,,,,,,
WFEBX,12.16,2017/05/05,20:01 EDT,0.09,,,,,,,,,,,
FCMBX,13.51,2016/06/27,07:19 EDT,0.1,,,,,,,,,,,
BGVEX,21.1768,2016/12/27,18:25 EST,0.1568,,,,,,,,,,,
GOODX,22.93,2017/08/04,17:16 EDT,0.17,,,,,,,,,,,
FSSRX,18.87,2017/08/04,17:37 EDT,0.14,,,,,,,,,,,
ANGLFX,10.2975,2015/07/10,20:01 EDT,0.0764,,,,,,,,,,,
PWPCX,10.78,2016/03/30,07:34 EDT,0.08,,,,,,,,,,,
FDRIHX,12.7191,2017/08/04,17:00 EDT,0.0944,,,,,,,,,,,
PEVCX,17.51,2017/08/04,17:17 EDT,0.13,,,,,,,,,,,
NEXTX,17.48,2017/08/04,17:02 EDT,0.13,,,,,,,,,,,
RMBFX,17.47,2017/08/04,17:30 EDT,0.13,,,,,,,,,,,
SUCCX,12.08,2015/10/15,18:45 EDT,0.09000015,,,,,,,,,,,
FQMLNX,12.0356,2017/08/04,17:00 EDT,0.0897,,,,,,,,,,,
SUCAX,12.07,2015/10/15,18:45 EDT,0.09000015,,,,,,,,,,,
FAMORX,10.4867,2016/12/29,20:01 EST,0.0782,,,,,,,,,,,
XBTOX,34.83,2017/08/04,17:12 EDT,0.26,,,,,,,,,,,
AGRBHX,11.8684,2017/08/04,17:14 EDT,0.089,,,,,,,,,,,
CGEMOX,10.1068,2016/12/30,20:01 EST,0.0758,,,,,,,,,,,
KDSAX,25.3,2017/08/04,17:44 EDT,0.19,,,,,,,,,,,
ACGQX,27.96,2017/08/04,17:36 EDT,0.21,,,,,,,,,,,
FSMLX,21.25,2017/08/04,17:37 EDT,0.16,,,,,,,,,,,
IVGSX,26.56,2017/08/04,17:38 EDT,0.2,,,,,,,,,,,
GBRAX,11.95,2015/10/23,18:45 EDT,0.09000015,,,,,,,,,,,
RYCDX,43.67,2017/08/04,17:23 EDT,-0.13,,,,,,,,,,,
HERFX,9.29,2017/08/04,17:18 EDT,0.07,,,,,,,,,,,
GBMLEX,10.5317,2017/03/30,20:01 EDT,0.0794,,,,,,,,,,,
FRHBPX,9.7477,2017/08/04,17:00 EDT,0.0735,0.0,0.0,0.0,0,,,,,,,
HERIX,9.28,2017/08/04,17:18 EDT,0.07,,,,,,,,,,,
RRRBX,19.87,2016/12/29,20:01 EST,0.15,,,,,,,,,,,
CLOIX,10.59,2017/08/04,17:16 EDT,0.08,,,,,,,,,,,
HAMGX,10.59,2017/08/04,17:34 EDT,0.08,,,,,,,,,,,
FSPAX,17.2,2017/08/03,20:00 EDT,0.13,,,,,,,,,,,
CSPPX,17.2,2017/08/03,20:00 EDT,0.13,,,,,,,,,,,
FDNERX,10.037,2017/08/04,17:00 EDT,0.0759,,,,,,,,,,,
FPGNQX,11.0141,2017/08/03,20:01 EDT,0.0833,,,,,,,,,,,
XTKFX,10.57,2017/08/04,16:56 EDT,0.08,,,,,,,,,,,
FMBRYX,11.9793,2014/10/17,20:01 EDT,0.0907,,,,,,,,,,,
EGPCX,10.55,2017/08/03,20:00 EDT,0.08,,,,,,,,,,,
VBFAAX,9.0411,2016/11/07,18:45 EST,0.0685997,,,,,,,,,,,
CFINGX,12.1766,2017/08/04,17:23 EDT,0.0924,,,,,,,,,,,
FSSFX,11.86,2017/08/04,17:20 EDT,0.0,,,,,,,,,,,
FPWEQX,6.139,2014/10/31,20:01 EDT,0.0467,,,,,,,,,,,
FOPAAX,12.2592,2017/08/04,17:14 EDT,0.0934,,,,,,,,,,,
FKEUOX,11.2988,2017/08/04,17:00 EDT,0.0861,,,,,,,,,,,
CCMZX,11.81,2016/05/23,06:15 EDT,0.09,,,,,,,,,,,
ACSTX,24.93,2017/08/04,17:13 EDT,0.19,,,,,,,,,,,
ACSDX,24.93,2017/08/04,17:13 EDT,0.19,,,,,,,,,,,
ACSRX,24.92,2017/08/04,17:13 EDT,0.19,,,,,,,,,,,
ACSHX,24.92,2017/08/04,17:13 EDT,0.19,,,,,,,,,,,
SBFAX,24.92,2017/08/04,17:16 EDT,0.19,,,,,,,,,,,
ICSFX,24.91,2017/08/04,17:13 EDT,0.19,,,,,,,,,,,
FOKEDX,11.4435,2017/08/04,17:00 EDT,0.0873,,,,,,,,,,,
FSCHX,166.41,2017/08/04,17:18 EDT,1.27,,,,,,,,,,,
BURCX,14.41,2016/06/30,20:00 EDT,0.11,,,,,,,,,,,
CUSHNX,10.0859,2016/12/30,20:01 EST,0.0772,,,,,,,,,,,
HDSVX,13.05,2017/08/04,17:16 EDT,0.1,,,,,,,,,,,
CLOCX,10.44,2017/08/04,17:16 EDT,0.08,,,,,,,,,,,
FIDETX,9.5102,2017/05/11,20:01 EDT,0.0729,,,,,,,,,,,
TGFRX,22.15,2017/08/04,17:20 EDT,0.17,,,,,,,,,,,
BMPIX,63.84,2017/08/04,17:44 EDT,0.49,,,,,,,,,,,
PQIBX,9.11,2016/01/21,18:45 EST,0.069999695,,,,,,,,,,,
FIZTBX,6.9728,2015/07/22,20:01 EDT,0.0536,,,,,,,,,,,
FNRAEX,1170.31,2017/08/04,17:00 EDT,-8.0,,,,,,,,,,,
TWOCX,13.0,2017/07/27,20:01 EDT,0.1,,,,,,,,,,,
IBGDBX,10.0619,2017/08/04,17:26 EDT,0.0775,,,,,,,,,,,
SMDSLX,9.6662,2017/08/03,20:01 EDT,0.0745,,,,,,,,,,,
VBLIX,14.17,2017/08/04,17:48 EDT,-0.1,,,,,,,,,,,
KDSIX,25.94,2017/08/04,17:44 EDT,0.2,,,,,,,,,,,
ESFAX,10.36,2017/08/03,20:00 EDT,0.08,,,,,,,,,,,
HICGX,21.95,2017/08/04,17:16 EDT,0.17,,,,,,,,,,,
BSCVX,14.2,2017/08/04,17:30 EDT,0.11,,,,,,,,,,,
SMADBX,10.233,2015/07/29,20:01 EDT,0.0794,,,,,,,,,,,
BRCAGX,12.8172,2017/08/04,17:14 EDT,0.0995,,,,,,,,,,,
FSCTX,25.71,2017/08/04,17:19 EDT,-0.01,,,,,,,,,,,
BMFIX,15.43,2016/07/01,02:33 EDT,0.12,,,,,,,,,,,
EPLAX,9.0,2015/11/20,18:45 EST,0.069999695,,,,,,,,,,,
EPWIX,9.0,2015/11/20,18:45 EST,0.069999695,,,,,,,,,,,
FWALEX,10.1531,2017/03/03,20:01 EST,0.079,,,,,,,,,,,
CTZIGX,6.3549,2016/12/30,20:01 EST,0.0495,,,,,,,,,,,
GMRVX,8.98,2017/08/03,20:00 EDT,0.07,,,,,,,,,,,
BURFX,15.37,2016/06/30,20:00 EDT,0.12,,,,,,,,,,,
FTEZX,19.18,2016/12/27,18:25 EST,0.15,,,,,,,,,,,
FICGX,11.5,2017/08/04,17:44 EDT,0.09,,,,,,,,,,,
FSAVX,35.77,2017/08/04,17:19 EDT,0.28,,,,,,,,,,,
GTPAHX,14.5565,2017/08/04,17:14 EDT,0.114,,,,,,,,,,,
ROFCX,11.49,2017/08/04,17:08 EDT,0.09,,,,,,,,,,,
TSLTX,11.49,2017/08/04,17:34 EDT,0.09,,,,,,,,,,,
ADBYX,12.76,2015/10/23,18:45 EDT,0.10000038,,,,,,,,,,,
FCPSX,16.58,2017/08/03,20:00 EDT,0.13,,,,,,,,,,,
SMDFFX,10.4138,2017/08/03,20:01 EDT,0.0817,,,,,,,,,,,
FLCVX,15.2598,2016/05/27,05:01 EDT,0.1198,,,,,,,,,,,
ADABX,12.73,2015/10/23,18:45 EDT,0.09999943,,,,,,,,,,,
FPIWDX,6.8719,2015/06/29,20:01 EDT,0.054,,,,,,,,,,,
PVEYX,21.63,2017/08/04,17:17 EDT,0.17,,,,,,,,,,,
KDSCX,20.35,2017/08/04,17:44 EDT,0.16,,,,,,,,,,,
FSRBX,33.06,2017/08/04,17:19 EDT,0.26,,,,,,,,,,,
OGGFX,16.51,2017/08/04,17:45 EDT,0.13,,,,,,,,,,,
GBRCX,11.43,2015/10/23,18:45 EDT,0.09000015,,,,,,,,,,,
PHPSX,22.76,2017/08/04,17:44 EDT,-0.09,,,,,,,,,,,
TASOX,11.42,2017/08/04,17:34 EDT,0.09,,,,,,,,,,,
FPOACX,10.9113,2014/10/03,20:01 EDT,0.086,,,,,,,,,,,
TCPSX,22.71,2017/08/04,17:43 EDT,0.18,,,,,,,,,,,
AOFCX,12.57,2017/08/04,16:57 EDT,-0.03,,,,,,,,,,,
DBLDX,10.01,2017/08/04,17:47 EDT,-0.07,,,,,,,,,,,
PAMVX,11.33,2017/08/04,17:19 EDT,0.09,,,,,,,,,,,
DLLDX,10.0,2017/08/04,17:47 EDT,-0.07,,,,,,,,,,,
EKBBX,10.07,2017/05/05,20:00 EDT,0.08,,,,,,,,,,,
ILCPSX,10.8237,2017/08/04,17:26 EDT,0.086,,,,,,,,,,,
FVIKGX,7.0404,2016/12/29,20:01 EST,0.056,,,,,,,,,,,
RMBIX,17.6,2017/08/04,17:30 EDT,0.14,,,,,,,,,,,
HFCGX,21.36,2017/08/04,17:16 EDT,0.17,,,,,,,,,,,
DXMAX,29.91,2017/08/04,17:16 EDT,-0.15,,,,,,,,,,,
PQDRX,5.01,2016/01/21,18:45 EST,0.04000044,,,,,,,,,,,
USCOX,10.01,2017/08/04,17:05 EDT,0.08,,,,,,,,,,,
FSCDX,27.5,2017/08/04,17:19 EDT,0.0,,,,,,,,,,,
RGHIX,13.75,2016/06/06,06:40 EDT,0.11,,,,,,,,,,,
HJSIX,13.78,2017/08/04,17:16 EDT,0.03,,,,,,,,,,,
FVHKWX,8.3709,2015/04/20,20:01 EDT,0.067,,,,,,,,,,,
FAPQNX,9.0119,2017/08/04,17:00 EDT,0.0722,,,,,,,,,,,
PMVCX,9.98,2017/08/04,17:20 EDT,0.08,,,,,,,,,,,
VSCCX,17.44,2017/08/04,17:44 EDT,0.14,,,,,,,,,,,
FIDCX,18.68,2017/08/04,17:20 EDT,0.15,,,,,,,,,,,
FIDBX,18.65,2017/08/04,17:20 EDT,0.15,,,,,,,,,,,
STCSX,23.62,2015/10/23,20:00 EDT,0.19,,,,,,,,,,,
FSPEX,17.4,2017/08/03,20:00 EDT,0.14,,,,,,,,,,,
AEMVX,21.12,2017/08/04,17:17 EDT,0.17,,,,,,,,,,,
FSPPX,33.52,2017/08/03,20:00 EDT,0.27,,,,,,,,,,,
FUAHDX,1174.46,2017/08/04,17:00 EDT,-7.12,,,,,,,,,,,
SMADAX,10.3815,2015/03/30,20:01 EDT,0.0837,,,,,,,,,,,
AEMZX,21.08,2017/08/04,17:17 EDT,0.17,,,,,,,,,,,
SWXJX,11.16,2017/08/03,20:01 EDT,0.09,,,,,,,,,,,
FSLAX,35.96,2017/08/03,20:00 EDT,0.29,,,,,,,,,,,
IEMEX,11.14,2017/05/09,20:00 EDT,0.09,,,,,,,,,,,
FSZPX,32.17,2017/08/03,20:00 EDT,0.26,,,,,,,,,,,
FSPDX,34.64,2017/08/03,20:00 EDT,0.28,,,,,,,,,,,
FENLIX,12.8291,2017/08/04,17:00 EDT,0.1037,,,,,,,,,,,
CANRX,12.37,2017/08/04,17:30 EDT,0.1,,,,,,,,,,,
CAERX,12.37,2017/08/04,17:30 EDT,0.1,,,,,,,,,,,
FRBAX,25.97,2017/08/04,17:15 EDT,0.21,,,,,,,,,,,
JRBFX,25.97,2017/08/04,17:15 EDT,0.21,,,,,,,,,,,
SMMSDX,10.7425,2016/12/29,20:01 EST,0.0869,,,,,,,,,,,
FGHTLX,15.663,2014/10/03,20:01 EDT,0.1268,,,,,,,,,,,
FQWHNX,8.6185,2016/09/02,18:45 EDT,0.06979942,,,,,,,,,,,
WVECX,8.64,2016/04/05,15:23 EDT,0.07,,,,,,,,,,,
FRBCX,24.68,2017/08/04,17:15 EDT,0.2,,,,,,,,,,,
FOMPQX,11.3034,2017/08/04,17:00 EDT,0.0916,,,,,,,,,,,
FENWBX,10.7805,2017/08/03,20:01 EDT,0.0876,,,,,,,,,,,
SMGPAX,10.3155,2015/07/28,20:01 EDT,0.0839,,,,,,,,,,,
KDSSX,25.79,2017/08/04,17:44 EDT,0.21,,,,,,,,,,,
FKANAX,11.398,2017/08/04,17:00 EDT,0.0929,,,,,,,,,,,
NDVIX,14.72,2017/08/04,17:46 EDT,0.12,,,,,,,,,,,
TSSEJX,9.1356,2017/05/01,20:01 EDT,0.0745,,,,,,,,,,,
CPHRX,12.26,2017/08/04,17:30 EDT,0.1,,,,,,,,,,,
JSGZX,14.68,2017/08/04,17:45 EDT,0.12,,,,,,,,,,,
JGSMX,17.08,2017/08/04,17:45 EDT,0.14,,,,,,,,,,,
MIDSX,1.2,2017/08/04,17:16 EDT,-0.02,,,,,,,,,,,
NDVAX,14.63,2017/08/04,17:46 EDT,0.12,,,,,,,,,,,
PESCX,9.74,2016/12/30,20:01 EST,0.08,,,,,,,,,,,
FZELLX,9.9069,2016/09/02,18:45 EDT,0.08140087,,,,,,,,,,,
MRSCX,18.25,2017/06/07,20:00 EDT,0.15,,,,,,,,,,,
CENPQX,5.6207,2016/12/30,20:01 EST,0.0462,,,,,,,,,,,
PISCX,9.73,2016/12/30,20:01 EST,0.08,,,,,,,,,,,
DXMIX,30.24,2017/08/04,17:16 EDT,-0.16,,,,,,,,,,,
FCLSPX,12.2164,2014/10/03,20:01 EDT,0.1005,,,,,,,,,,,
PWPIX,10.94,2016/03/30,07:34 EDT,0.09,,,,,,,,,,,
CGMCX,12.15,2017/08/04,17:30 EDT,0.1,,,,,,,,,,,
GBRIX,12.14,2015/10/23,18:45 EDT,0.10000038,,,,,,,,,,,
AMRNKX,9.7388,2017/08/04,17:14 EDT,0.0803,0.0,0.0,0.0,0,,,,,,,
IENAX,23.02,2017/08/04,17:32 EDT,0.19,,,,,,,,,,,
FRZVLX,9.5334,2015/09/09,20:01 EDT,0.0787,,,,,,,,,,,
FOWLHX,10.3166,2015/03/02,20:01 EST,0.0852,,,,,,,,,,,
HRSFX,4.84,2017/08/04,17:38 EDT,0.04,,,,,,,,,,,
FNLPQX,11.5095,2017/05/12,20:01 EDT,0.0952,,,,,,,,,,,
FPHGZX,11.4337,2017/03/03,20:01 EST,0.0946,,,,,,,,,,,
LMCKX,8.44,2017/08/04,17:16 EDT,0.07,,,,,,,,,,,
BPEIX,18.07,2017/08/04,17:16 EDT,0.15,,,,,,,,,,,
JFIFX,20.45,2017/08/04,17:20 EDT,0.17,,,,,,,,,,,
WWWEX,6.01,2017/08/03,20:00 EDT,0.05,,,,,,,,,,,
MOFQX,9.61,2017/08/04,17:16 EDT,0.08,,,,,,,,,,,
FSOYAX,10.1119,2014/11/19,20:01 EST,0.0842,,,,,,,,,,,
BPEAX,17.96,2017/08/04,17:16 EDT,0.15,,,,,,,,,,,
MHFIX,8.37,2017/08/03,20:01 EDT,0.07,,,,,,,,,,,
EGPAX,10.75,2017/08/03,20:00 EDT,0.09,,,,,,,,,,,
SOPFX,47.75,2015/10/23,18:45 EDT,0.40000153,,,,,,,,,,,
VASMX,16.71,2017/08/04,16:41 EDT,0.14,,,,,,,,,,,
SILBX,10.73,2017/01/24,20:00 EST,0.09,,,,,,,,,,,
FLCRX,15.2782,2016/05/27,05:01 EDT,0.1282,,,,,,,,,,,
FLVAX,15.3794,2016/05/27,05:01 EDT,0.1294,,,,,,,,,,,
FNPIX,20.16,2017/08/04,17:43 EDT,0.17,,,,,,,,,,,
MHFAX,8.3,2017/08/03,20:01 EDT,0.07,,,,,,,,,,,
IENIX,23.69,2017/08/04,17:32 EDT,0.2,,,,,,,,,,,
NDVRX,14.21,2017/08/04,17:46 EDT,0.12,,,,,,,,,,,
BPECX,17.75,2017/08/04,17:16 EDT,0.15,,,,,,,,,,,
NDVBX,14.2,2017/08/04,17:46 EDT,0.12,,,,,,,,,,,
NAPBX,59.16,2017/05/09,20:00 EDT,0.5,,,,,,,,,,,
FCRKLX,10.2904,2017/05/11,20:01 EDT,0.087,,,,,,,,,,,
VSCOX,22.45,2017/08/04,17:44 EDT,0.19,,,,,,,,,,,
FAOGNX,9.2345,2014/10/03,20:01 EDT,0.0783,,,,,,,,,,,
HGDAIX,9.3,2016/01/15,20:01 EST,0.079,,,,,,,,,,,
SGGBX,28.23,2016/12/29,20:01 EST,0.24,,,,,,,,,,,
FWASRX,10.1264,2017/01/06,20:01 EST,0.0861,,,,,,,,,,,
CEGRX,8.23,2017/08/03,20:00 EDT,0.07,,,,,,,,,,,
FWYORX,9.7297,2017/01/27,20:01 EST,0.0828,,,,,,,,,,,
SMCBX,11.74,2016/12/29,20:01 EST,0.1,,,,,,,,,,,
DBIBX,7.03,2016/12/29,20:00 EST,0.06,,,,,,,,,,,
FLONGX,11.1241,2017/08/04,17:00 EDT,0.095,,,,,,,,,,,
ANGLLX,10.3474,2017/02/02,20:01 EST,0.0884,,,,,,,,,,,
FSTUBX,9.127,2015/10/08,20:01 EDT,0.0782,,,,,,,,,,,
FAMDX,17.47,2017/08/04,16:25 EDT,0.15,,,,,,,,,,,
FKIDEX,13.4178,2017/08/04,17:00 EDT,0.1153,,,,,,,,,,,
FBOCMX,10.167,2017/08/04,17:00 EDT,0.0874,0.0,0.0,0.0,0,,,,,,,
JGRQX,15.12,2017/08/04,17:45 EDT,0.13,0.0,0.0,0.0,0,,,,,,,
GSOFX,23.25,2017/08/03,20:00 EDT,0.2,,,,,,,,,,,
ASDAEX,11.527,2017/08/04,17:14 EDT,-0.0497,,,,,,,,,,,
FNDHWX,9.4853,2016/05/19,20:01 EDT,0.0817,,,,,,,,,,,
SCAPX,39.42,2017/08/04,17:39 EDT,0.34,,,,,,,,,,,
FNCARX,9.3553,2017/08/04,17:00 EDT,0.0807,,,,,,,,,,,
FREUKX,7.2698,2015/02/13,20:01 EST,0.0628,,,,,,,,,,,
FELKRX,10.9719,2014/10/03,20:01 EDT,0.0948,,,,,,,,,,,
IENYX,23.12,2017/08/04,17:33 EDT,0.2,,,,,,,,,,,
DRXIX,9.24,2017/08/03,20:00 EDT,0.08,,,,,,,,,,,
FGWALX,9.8738,2017/02/03,20:01 EST,0.0855,,,,,,,,,,,
FMFGX,12.69,2015/08/05,20:00 EDT,0.11,,,,,,,,,,,
NVSAIX,10.3962,2017/08/04,16:44 EDT,0.0904,,,,,,,,,,,
IEFCX,19.55,2017/08/04,17:32 EDT,0.17,,,,,,,,,,,
FMFDX,12.62,2015/08/05,20:00 EDT,0.11,,,,,,,,,,,
FBAGHX,11.6741,2016/12/29,20:01 EST,0.1021,,,,,,,,,,,
FTOWRX,9.935,2014/10/03,20:01 EDT,0.0869,,,,,,,,,,,
MHFCX,8.0,2017/08/03,20:01 EDT,0.07,,,,,,,,,,,
CCALX,47.16,2017/08/04,17:02 EDT,0.33,,,,,,,,,,,
ASTBX,6.85,2015/10/15,18:45 EDT,0.059999943,,,,,,,,,,,
FVEBDX,9.7836,2017/03/03,20:01 EST,0.0857,,,,,,,,,,,
QBNAX,30.78,2017/08/04,17:13 EDT,0.27,,,,,,,,,,,
FYGONX,12.7098,2017/08/04,17:00 EDT,0.1116,,,,,,,,,,,
FHESVX,10.3721,2017/02/03,20:01 EST,0.0911,,,,,,,,,,,
ACESJX,8.1816,2016/02/12,20:01 EST,0.0721,,,,,,,,,,,
NDVUX,14.75,2017/08/04,17:46 EDT,0.13,,,,,,,,,,,
FMEKAX,9.1562,2017/02/03,20:01 EST,0.0809,,,,,,,,,,,
CCNTX,7.91,2015/10/09,19:36 EDT,0.069999695,,,,,,,,,,,
NDVTX,14.68,2017/08/04,17:46 EDT,0.13,,,,,,,,,,,
IENSX,23.7,2017/08/04,17:32 EDT,0.21,,,,,,,,,,,
DGSMX,12.4,2017/08/04,17:34 EDT,0.11,,,,,,,,,,,
FKCTRX,9.998,2015/04/23,20:01 EDT,0.0887,,,,,,,,,,,
HLCIX,12.39,2017/08/04,17:30 EDT,0.11,,,,,,,,,,,
EBCIX,7.88,2017/08/03,20:00 EDT,0.07,,,,,,,,,,,
ANSCX,6.75,2017/08/03,20:00 EDT,0.06,,,,,,,,,,,
HLCAX,12.35,2017/08/04,17:30 EDT,0.11,,,,,,,,,,,
WFPNX,15.68,2015/10/23,18:45 EDT,0.14000034,,,,,,,,,,,
BIAOX,24.6804,2015/10/23,20:00 EDT,0.2204,,,,,,,,,,,
ICTZX,7.83,2015/09/25,20:00 EDT,0.07,,,,,,,,,,,
INWMHX,9.9773,2015/07/09,20:01 EDT,0.0893,,,,,,,,,,,
BRSHX,12.29,2017/08/04,17:46 EDT,0.11,,,,,,,,,,,
BRSWX,12.28,2017/08/04,17:46 EDT,0.11,,,,,,,,,,,
FOEYBX,9.7904,2017/08/04,17:00 EDT,0.0878,,,,,,,,,,,
SCSKX,17.84,2017/01/24,20:00 EST,0.16,,,,,,,,,,,
PHLCX,34.55,2017/08/04,17:19 EDT,0.31,,,,,,,,,,,
FNOLBX,8.6358,2015/08/11,20:01 EDT,0.0775,,,,,,,,,,,
SMADCX,11.6905,2015/12/07,20:01 EST,0.105,,,,,,,,,,,
CGILX,11.13,2017/08/03,20:00 EDT,0.1,,,,,,,,,,,
CGIVX,11.13,2017/08/03,20:00 EDT,0.1,,,,,,,,,,,
HLCCX,12.23,2017/08/04,17:30 EDT,0.11,,,,,,,,,,,
FSENGX,9.0929,2017/02/03,20:01 EST,0.0818,,,,,,,,,,,
NVAHBX,12.9615,2017/08/04,16:44 EDT,0.1169,,,,,,,,,,,
ICOCX,7.74,2015/09/25,20:00 EDT,0.07,,,,,,,,,,,
SMRRBX,7.6928,2016/12/29,20:01 EST,0.0696,,,,,,,,,,,
SGROX,46.21,2015/10/23,18:45 EDT,0.41999817,,,,,,,,,,,
FSLANX,8.8593,2014/10/03,20:01 EDT,0.0807,,,,,,,,,,,
USBNX,26.31,2017/08/04,17:13 EDT,0.24,,,,,,,,,,,
CENPWX,9.9539,2017/08/04,17:23 EDT,0.0908,0.0,0.0,0.0,0,,,,,,,
HLFNX,20.82,2017/08/04,17:16 EDT,0.19,,,,,,,,,,,
ENOPBX,4.8979,2016/02/16,20:01 EST,0.0447,,,,,,,,,,,
FPRNDX,9.6092,2015/01/14,20:01 EST,0.0877,,,,,,,,,,,
ATDCX,16.43,2017/08/04,17:13 EDT,0.15,,,,,,,,,,,
ABAAX,13.13,2016/12/27,20:00 EST,0.12,,,,,,,,,,,
FMAWJX,8.8266,2015/07/17,20:01 EDT,0.0807,,,,,,,,,,,
PJHRX,43.75,2017/08/04,17:19 EDT,0.4,,,,,,,,,,,
ACBIX,13.1,2016/12/27,20:00 EST,0.12,,,,,,,,,,,
AOBAX,13.1,2016/12/27,20:00 EST,0.12,,,,,,,,,,,
FAMFX,17.43,2017/08/04,16:25 EDT,0.16,,,,,,,,,,,
XZZYX,8.1563,2017/08/03,20:01 EDT,0.0749,,,,,,,,,,,
ABAFX,13.05,2016/12/27,20:00 EST,0.12,,,,,,,,,,,
BFFAIX,10.0966,2016/01/15,20:01 EST,0.0931,,,,,,,,,,,
HFGAX,27.09,2017/06/02,20:00 EDT,0.25,,,,,,,,,,,
FEAVJX,12.8834,2017/04/06,20:01 EDT,0.1189,,,,,,,,,,,
FPBRKX,9.9106,2014/12/04,20:01 EST,0.0915,,,,,,,,,,,
FCIREX,8.6274,2016/12/29,20:01 EST,0.0797,,,,,,,,,,,
PHLAX,44.38,2017/08/04,17:19 EDT,0.41,,,,,,,,,,,
XSRFX,9.74,2017/08/04,17:16 EDT,0.09,,,,,,,,,,,
HFGCX,22.71,2017/06/02,20:00 EDT,0.21,,,,,,,,,,,
FQKSZX,10.2992,2017/08/04,17:00 EDT,0.0953,0.0,0.0,0.0,0,,,,,,,
FGHDSX,9.6575,2017/05/11,20:01 EDT,0.0894,,,,,,,,,,,
FCMRX,10.6385,2015/08/27,18:25 EDT,0.09850025,,,,,,,,,,,
PHLQX,48.59,2017/08/04,17:19 EDT,0.45,,,,,,,,,,,
FMRETX,9.0877,2015/09/09,20:01 EDT,0.0842,,,,,,,,,,,
IMFAX,14.03,2016/12/05,20:00 EST,0.13,,,,,,,,,,,
FLEVHX,11.7411,2017/04/06,20:01 EDT,0.1088,,,,,,,,,,,
SUHBX,24.81,2016/12/29,20:01 EST,0.23,,,,,,,,,,,
PHSZX,48.52,2017/08/04,17:19 EDT,0.45,,,,,,,,,,,
FMRVX,10.8103,2015/08/27,18:25 EDT,0.100299835,,,,,,,,,,,
LMIYX,18.3,2017/08/03,20:00 EDT,0.17,,,,,,,,,,,
ALAMX,12.9,2017/08/04,17:13 EDT,0.12,,,,,,,,,,,
HFGIX,27.91,2017/06/02,20:00 EDT,0.26,,,,,,,,,,,
HFGRX,27.91,2017/06/02,20:00 EDT,0.26,,,,,,,,,,,
ASDAGX,10.3064,2017/08/04,17:14 EDT,-0.0386,,,,,,,,,,,
RISNX,7.49,2017/08/03,20:01 EDT,0.07,,,,,,,,,,,
GEIRX,13.89,2016/11/29,20:00 EST,0.13,,,,,,,,,,,
VLGIX,32.84,2017/08/04,17:48 EDT,-0.28,,,,,,,,,,,
FMRAX,10.7406,2015/08/27,18:25 EDT,0.10059929,,,,,,,,,,,
NQFNAX,11.6656,2015/07/10,20:01 EDT,0.1093,,,,,,,,,,,
FSOARX,8.5485,2014/10/03,20:01 EDT,0.0801,,,,,,,,,,,
CBCHDX,9.9561,2016/12/30,20:01 EST,0.0933,,,,,,,,,,,
ZVGIX,14.86,2017/08/04,17:16 EDT,-0.06,,,,,,,,,,,
CONPEX,9.8424,2017/08/04,17:23 EDT,0.0924,,,,,,,,,,,
UGPSX,14.91,2017/08/04,17:20 EDT,0.14,,,,,,,,,,,
FKSHGX,10.9762,2016/12/29,20:01 EST,0.1033,,,,,,,,,,,
FPMANX,9.9812,2017/02/03,20:01 EST,0.094,,,,,,,,,,,
AEKBX,8.49,2015/10/15,18:45 EDT,0.07999992,,,,,,,,,,,
DFCIX,18.36,2017/08/04,17:27 EDT,0.32,,,,,,,,,,,
FNIONX,11.1303,2014/10/22,20:01 EDT,0.1051,,,,,,,,,,,
HNVIX,29.63,2017/08/04,17:42 EDT,0.28,,,,,,,,,,,
FSBTHX,8.8676,2017/02/03,20:01 EST,0.0838,,,,,,,,,,,
SBLBX,27.51,2015/12/15,18:45 EST,0.26000023,,,,,,,,,,,
RYCNX,47.61,2017/08/04,16:49 EDT,0.45,,,,,,,,,,,
ATDFX,20.08,2017/08/04,17:13 EDT,0.19,,,,,,,,,,,
FTHWQX,9.9929,2017/08/03,20:01 EDT,0.0947,,,,,,,,,,,
HMCSX,8.43,2017/08/04,17:18 EDT,0.08,,,,,,,,,,,
CSVYX,44.14,2017/08/04,17:30 EDT,0.42,,,,,,,,,,,
CUURX,45.18,2017/08/04,17:30 EDT,0.43,,,,,,,,,,,
CVVRX,45.18,2017/08/04,17:30 EDT,0.43,,,,,,,,,,,
FHINKX,9.2726,2015/10/08,20:01 EDT,0.0883,,,,,,,,,,,
ELKWBX,10.80039,2017/08/03,20:01 EDT,0.10292,,,,,,,,,,,
SENTX,43.02,2015/10/23,18:45 EDT,0.40999985,,,,,,,,,,,
OCHIX,14.66,2017/08/04,17:30 EDT,0.14,,,,,,,,,,,
NVAHAX,10.6384,2017/08/04,16:44 EDT,0.1016,,,,,,,,,,,
CSCZX,43.95,2017/08/04,17:30 EDT,0.42,,,,,,,,,,,
CSMIX,39.75,2017/08/04,17:30 EDT,0.38,,,,,,,,,,,
CSVRX,39.73,2017/08/04,17:30 EDT,0.38,,,,,,,,,,,
CSPIAX,8.2059,2016/12/30,20:01 EST,0.0785,,,,,,,,,,,
FKDRVX,7.6404,2014/06/25,20:01 EDT,0.0731,,,,,,,,,,,
VLGSX,25.87,2017/08/04,17:48 EDT,-0.23,,,,,,,,,,,
PLGDX,6.25,2017/08/03,20:01 EDT,0.06,,,,,,,,,,,
PLGBX,6.25,2017/08/03,20:00 EDT,0.06,,,,,,,,,,,
PFGCX,6.25,2017/08/03,20:00 EDT,0.06,,,,,,,,,,,
PLTPX,6.25,2017/08/03,20:00 EDT,0.06,,,,,,,,,,,
PGOVX,6.25,2017/08/03,20:00 EDT,0.06,,,,,,,,,,,
PFGAX,6.25,2017/08/03,20:00 EDT,0.06,,,,,,,,,,,
FDAILX,1191.42,2017/08/04,17:00 EDT,-7.61,,,,,,,,,,,
FJANGX,9.3104,2015/09/09,20:01 EDT,0.0895,,,,,,,,,,,
RYRLX,116.33,2017/08/04,17:23 EDT,1.12,,,,,,,,,,,
BRSUX,12.46,2017/08/04,17:46 EDT,0.12,,,,,,,,,,,
BRSJX,12.46,2017/08/04,17:46 EDT,0.12,,,,,,,,,,,
BRSTX,12.44,2017/08/04,17:46 EDT,0.12,,,,,,,,,,,
BRSDX,12.42,2017/08/04,17:46 EDT,0.12,,,,,,,,,,,
IIRBX,8.28,2017/05/09,20:00 EDT,0.08,,,,,,,,,,,
FQNUEX,8.3695,2016/04/08,20:01 EDT,0.0809,,,,,,,,,,,
FNHROX,12.8572,2017/08/04,17:00 EDT,0.1245,,,,,,,,,,,
SGRBX,15.46,2016/07/06,05:20 EDT,0.15,,,,,,,,,,,
VUSTX,12.24,2017/08/04,17:48 EDT,-0.11,,,,,,,,,,,
RYRUX,127.57,2017/08/04,17:23 EDT,1.24,,,,,,,,,,,
FMPFX,26.72,2017/08/04,17:31 EDT,0.26,,,,,,,,,,,
ATDBX,16.42,2017/08/04,17:13 EDT,0.16,,,,,,,,,,,
AAMKJX,8.5172,2016/02/16,20:01 EST,0.083,,,,,,,,,,,
ADNIX,13.48,2017/08/04,17:49 EDT,0.14,,,,,,,,,,,
FMPCX,18.46,2017/08/04,17:31 EDT,0.18,,,,,,,,,,,
FEWLNX,13.0108,2017/07/07,20:01 EDT,0.1269,,,,,,,,,,,
HRVIX,29.73,2017/08/04,17:42 EDT,0.29,,,,,,,,,,,
BRSBX,12.3,2017/08/04,17:46 EDT,0.12,,,,,,,,,,,
BRSPX,12.3,2017/08/04,17:46 EDT,0.12,,,,,,,,,,,
FKUPBX,9.2143,2016/02/19,20:01 EST,0.0899,,,,,,,,,,,
ADNPX,13.45,2017/08/04,17:49 EDT,0.13,,,,,,,,,,,
AMRHX,5.11,2017/08/03,20:00 EDT,0.05,,,,,,,,,,,
CSCSX,31.0136,2015/11/25,18:45 EST,0.3036003,,,,,,,,,,,
QGRPDX,9.5032,2016/06/17,20:01 EDT,0.0931,,,,,,,,,,,
FGSERX,9.9164,2017/08/03,20:01 EDT,0.0972,,,,,,,,,,,
FRVEDX,9.8739,2015/10/08,20:01 EDT,0.0968,,,,,,,,,,,
MBPCX,0.0,1969/12/31,19:00 EST,0.15999985,,,,,,,,,,,
PGISX,32.57,2017/08/04,17:20 EDT,0.32,,,,,,,,,,,
FTIWHX,11.8201,2014/09/09,20:01 EDT,0.1162,,,,,,,,,,,
CFRDEX,9.327,2016/12/30,20:01 EST,0.0918,,,,,,,,,,,
PGSCX,18.28,2017/08/04,17:20 EDT,0.18,,,,,,,,,,,
FJQDAX,13.7551,2017/08/04,17:00 EDT,0.1356,,,,,,,,,,,
FEBYMX,8.7649,2016/09/02,18:45 EDT,0.08650017,,,,,,,,,,,
FRANUX,8.758,2017/07/07,20:01 EDT,0.0865,,,,,,,,,,,
AGWAX,13.11,2016/12/27,20:00 EST,0.13,,,,,,,,,,,
ATDRX,18.15,2017/08/04,17:13 EDT,0.18,,,,,,,,,,,
FALLNX,9.0037,2015/08/03,20:01 EDT,0.0893,,,,,,,,,,,
AGIIX,13.1,2016/12/27,20:00 EST,0.13,,,,,,,,,,,
AOIAX,13.07,2016/12/27,20:00 EST,0.13,,,,,,,,,,,
UAPIX,51.26,2017/08/04,17:42 EDT,0.51,,,,,,,,,,,
FELUAX,10.4525,2017/02/03,20:01 EST,0.104,,,,,,,,,,,
FQDRBX,7.3663,2014/12/03,20:01 EST,0.0733,,,,,,,,,,,
FRMPX,23.08,2017/08/04,17:31 EDT,0.23,,,,,,,,,,,
ARMAX,14.01,2017/08/04,17:43 EDT,0.14,,,,,,,,,,,
RYYCX,22.0,2017/08/04,16:49 EDT,0.22,,,,,,,,,,,
ACAGX,12.0,2016/12/27,20:00 EST,0.12,,,,,,,,,,,
FZLNSX,11.8232,2017/08/04,17:00 EDT,0.1186,,,,,,,,,,,
FTUICX,10.0849,2017/02/03,20:01 EST,0.1012,,,,,,,,,,,
STRFX,48.81,2015/10/23,20:00 EDT,0.49,,,,,,,,,,,
KGLAX,5.96,2017/08/03,20:00 EDT,0.06,,,,,,,,,,,
FOTYGX,9.6749,2017/08/04,17:00 EDT,0.0975,0.0,0.0,0.0,0,,,,,,,
FLUKOX,5.5597,2016/08/25,20:01 EDT,0.0561,,,,,,,,,,,
AAGRX,12.87,2016/12/27,20:00 EST,0.13,,,,,,,,,,,
FNUVTX,8.467,2016/09/02,18:45 EDT,0.0855999,,,,,,,,,,,
FPKERX,10.4274,2017/08/04,17:00 EDT,0.0196,0.0,0.0,0.0,0,,,,,,,
FPRWIX,10.4057,2017/05/11,20:01 EDT,0.1053,,,,,,,,,,,
FTLTX,8.81,2017/08/04,17:20 EDT,-0.08,,,,,,,,,,,
FFTTX,8.81,2017/08/04,17:20 EDT,-0.08,,,,,,,,,,,
WTMIX,18.73,2017/08/04,17:05 EDT,0.19,,,,,,,,,,,
FJAKEX,7.925,2015/07/08,20:01 EDT,0.0808,,,,,,,,,,,
FTNSLX,11.7479,2011/09/16,20:01 EDT,0.1198,,,,,,,,,,,
FBDELX,8.8692,2015/10/08,20:01 EDT,0.0906,,,,,,,,,,,
FOSIYX,9.242,2015/09/09,20:01 EDT,0.0945,,,,,,,,,,,
RYSVX,25.38,2017/08/04,16:49 EDT,0.26,,,,,,,,,,,
FLEMJX,8.4584,2015/01/12,20:01 EST,0.0867,,,,,,,,,,,
IAACUX,7.08536,2016/12/29,20:01 EST,0.07265997,,,,,,,,,,,
WENBX,37.96,2017/01/24,20:01 EST,0.39,,,,,,,,,,,
AGRRX,12.65,2016/12/27,20:00 EST,0.13,,,,,,,,,,,
CRZNX,18.46,2017/08/04,17:16 EDT,0.19,,,,,,,,,,,
FWONCX,8.0278,2017/02/03,20:01 EST,0.0827,,,,,,,,,,,
FOALCX,13.6023,2017/02/03,20:01 EST,0.1405,,,,,,,,,,,
BSVIX,15.45,2017/08/04,17:16 EDT,0.16,,,,,,,,,,,
FPEARX,9.284,2016/12/29,20:01 EST,0.0964,,,,,,,,,,,
FAUQVX,9.0439,2014/10/03,20:01 EDT,0.094,,,,,,,,,,,
FSMAIX,9.8646,2016/09/06,20:01 EDT,0.1028,,,,,,,,,,,
RGLIX,14.37,2017/08/04,17:43 EDT,0.15,,,,,,,,,,,
FHMYJX,11.8525,2017/08/04,17:00 EDT,0.1238,,,,,,,,,,,
FPRTDX,11.0729,2016/12/29,20:01 EST,0.1157,,,,,,,,,,,
ICWIX,4.78,2017/08/04,17:12 EDT,0.05,,,,,,,,,,,
RYIZX,53.92,2017/08/04,17:23 EDT,-0.56,,,,,,,,,,,
ADNYX,13.47,2017/08/04,17:49 EDT,0.13,,,,,,,,,,,
ACAIX,12.38,2016/12/27,20:00 EST,0.13,,,,,,,,,,,
KGLCX,5.71,2017/08/03,20:00 EDT,0.06,,,,,,,,,,,
FEOUWX,9.7626,2015/03/18,20:01 EDT,0.103,,,,,,,,,,,
ICPUX,4.73,2017/08/04,17:12 EDT,0.05,,,,,,,,,,,
SMGPHX,12.615,2017/08/03,20:01 EDT,0.1334,,,,,,,,,,,
FQMPNX,9.3087,2017/08/04,17:00 EDT,-0.0152,,,,,,,,,,,
FLIKSX,10.2207,2015/05/12,20:01 EDT,0.1083,,,,,,,,,,,
FBWPMX,6.2835,2017/07/07,20:01 EDT,0.0666,,,,,,,,,,,
FROVDX,8.9665,2017/05/11,20:01 EDT,0.0951,,,,,,,,,,,
FRMDGX,12.5749,2017/08/04,17:00 EDT,0.1335,,,,,,,,,,,
FMOECX,10.385,2014/08/11,20:01 EDT,0.1103,,,,,,,,,,,
RYIRX,58.64,2017/08/04,17:23 EDT,-0.6,,,,,,,,,,,
ARMCX,13.15,2017/08/04,17:43 EDT,0.14,,,,,,,,,,,
CRZZX,18.72,2017/08/04,17:16 EDT,0.2,,,,,,,,,,,
RAILX,13.1,2017/08/04,17:37 EDT,0.14,,,,,,,,,,,
FNDQPX,10.2621,2017/02/03,20:01 EST,0.1097,,,,,,,,,,,
STDIX,30.87,2015/10/23,20:00 EDT,0.33,,,,,,,,,,,
AGIGX,13.08,2016/12/27,20:00 EST,0.14,,,,,,,,,,,
FCRVAX,9.9364,2017/02/03,20:01 EST,0.1066,,,,,,,,,,,
FBROMX,10.5871,2017/08/04,17:00 EDT,0.1137,,,,,,,,,,,
FOUNDX,10.3056,2015/04/14,20:01 EDT,0.1107,,,,,,,,,,,
RAALX,13.01,2017/08/04,17:37 EDT,0.14,,,,,,,,,,,
FGMOSX,10.0567,2015/07/22,20:01 EDT,0.1087,,,,,,,,,,,
HFITX,28.64,2017/06/02,20:00 EDT,0.31,,,,,,,,,,,
WFLNX,15.64,2015/10/23,18:45 EDT,0.17000008,,,,,,,,,,,
FTIEBX,9.759,2015/09/09,20:01 EDT,0.1062,,,,,,,,,,,
HDSIX,20.21,2017/08/04,17:16 EDT,0.22,,,,,,,,,,,
WFIRX,66.9,2015/10/23,18:45 EDT,0.73000336,,,,,,,,,,,
FZAUBX,10.1907,2017/02/03,20:01 EST,0.1114,,,,,,,,,,,
FITKRX,8.9892,2015/03/18,20:01 EDT,0.0985,,,,,,,,,,,
ADOZX,13.64,2017/08/04,17:14 EDT,0.01,,,,,,,,,,,
CCOTX,6.36,2015/10/09,19:36 EDT,0.07000017,,,,,,,,,,,
FVARTX,7.2564,2015/06/29,20:01 EDT,0.0799,,,,,,,,,,,
FBTAX,24.34,2017/08/04,17:19 EDT,0.27,,,,,,,,,,,
FCTGX,22.58,2017/08/04,17:19 EDT,0.05,,,,,,,,,,,
SMNABX,7.6109,2016/12/29,20:01 EST,0.0845,,,,,,,,,,,
HDPCX,12.59,2017/08/04,17:16 EDT,0.14,,,,,,,,,,,
FLTZRX,9.6707,2017/08/04,17:00 EDT,-6.0E-4,0.0,0.0,0.0,0,,,,,,,
SMHCBX,12.5181,2017/08/04,16:54 EDT,0.1397,,,,,,,,,,,
FBRQLX,10.2233,2016/09/07,20:01 EDT,0.1142,,,,,,,,,,,
HDPSX,19.64,2017/08/04,17:16 EDT,0.22,,,,,,,,,,,
FUHKMX,11.8533,2017/07/07,20:01 EDT,0.1328,,,,,,,,,,,
DSGGX,9.81,2017/08/04,17:24 EDT,0.11,,,,,,,,,,,
FDWULX,7.6216,2015/07/07,20:01 EDT,0.0855,,,,,,,,,,,
TSBPBX,5.6526,2017/08/04,16:54 EDT,0.0635,,,,,,,,,,,
FGTANX,9.3833,2015/01/12,20:01 EST,0.1055,,,,,,,,,,,
FBTTX,23.12,2017/08/04,17:19 EDT,0.26,,,,,,,,,,,
DSGDX,9.78,2017/08/04,17:24 EDT,0.11,,,,,,,,,,,
ALLBX,7.98,2015/10/15,18:45 EDT,0.09000015,,,,,,,,,,,
FBTIX,25.7,2017/08/04,17:19 EDT,0.29,,,,,,,,,,,
FYAWEX,9.047,2015/09/09,20:01 EDT,0.1022,,,,,,,,,,,
ADTRX,11.5,2015/10/23,18:45 EDT,0.13000011,,,,,,,,,,,
FGEIFX,10.7427,2015/12/29,20:01 EST,0.1215,,,,,,,,,,,
DSGEX,9.7,2017/08/04,17:24 EDT,0.11,,,,,,,,,,,
AZFDX,19.38,2015/10/22,18:45 EDT,0.21999931,,,,,,,,,,,
AATCX,14.97,2017/08/03,20:00 EDT,0.17,,,,,,,,,,,
RYECX,58.11,2017/08/04,16:49 EDT,0.66,,,,,,,,,,,
FGNEMX,9.1241,2015/10/08,20:01 EDT,0.1037,,,,,,,,,,,
RAYLX,13.19,2017/08/04,17:37 EDT,0.15,,,,,,,,,,,
RYEAX,63.17,2017/08/04,16:49 EDT,0.72,,,,,,,,,,,
FTLESX,10.4846,2017/03/03,20:01 EST,0.1196,,,,,,,,,,,
BABFX,14.02,2017/08/04,17:20 EDT,0.16,,,,,,,,,,,
FNOHDX,10.4969,2014/12/15,20:01 EST,0.1198,,,,,,,,,,,
SCHBX,14.01,2016/07/06,05:19 EDT,0.16,,,,,,,,,,,
FDROMX,9.4777,2015/07/07,20:01 EDT,0.1083,,,,,,,,,,,
FYHBRX,10.5333,2017/06/22,20:01 EDT,0.1206,,,,,,,,,,,
FNBUQX,9.2002,2015/03/11,20:01 EDT,0.1054,,,,,,,,,,,
ADATX,11.34,2015/10/23,18:45 EDT,0.13000011,,,,,,,,,,,
FTEKHX,10.4735,2014/11/21,20:01 EST,0.1201,,,,,,,,,,,
FBIOX,215.73,2017/08/04,17:18 EDT,2.48,,,,,,,,,,,
FVQZDX,9.6732,2015/04/02,20:01 EDT,0.1113,,,,,,,,,,,
FHENAX,7.6059,2015/05/22,20:01 EDT,0.0876,,,,,,,,,,,
FSUPMX,12.0545,2014/10/03,20:01 EDT,0.1389,,,,,,,,,,,
FOEYCX,8.1305,2014/10/03,20:01 EDT,0.0937,,,,,,,,,,,
FATEOX,9.0926,2016/12/29,20:01 EST,0.105,,,,,,,,,,,
MAIOX,12.11,2016/05/23,05:21 EDT,0.14,,,,,,,,,,,
SMMVX,11.24,2015/10/23,18:45 EDT,0.13000011,,,,,,,,,,,
AZFCX,19.02,2015/10/22,18:45 EDT,0.22000122,,,,,,,,,,,
FTSMX,52.65,2015/08/10,18:25 EDT,0.6100006,,,,,,,,,,,
PAGCX,11.2,2016/03/30,07:29 EDT,0.13,,,,,,,,,,,
FIDGX,24.16,2017/08/04,17:19 EDT,0.05,,,,,,,,,,,
FCIGX,24.14,2017/08/04,17:19 EDT,0.05,,,,,,,,,,,
JNRRX,33.43,2017/08/04,17:35 EDT,0.39,,,,,,,,,,,
TGTCX,6.0,2015/10/15,18:45 EDT,0.07000017,,,,,,,,,,,
PNRCX,27.41,2017/08/04,17:35 EDT,0.32,,,,,,,,,,,
PRGNX,27.4,2017/08/04,17:35 EDT,0.32,,,,,,,,,,,
TGTAX,5.99,2015/10/15,18:45 EDT,0.069999695,,,,,,,,,,,
TGTSX,5.99,2015/10/15,18:45 EDT,0.069999695,,,,,,,,,,,
FZINGX,9.5998,2017/08/03,20:01 EDT,0.1123,,,,,,,,,,,
SMVBX,16.24,2017/04/12,20:00 EDT,0.19,,,,,,,,,,,
FYRVLX,10.0747,2017/08/04,17:00 EDT,0.118,0.0,0.0,0.0,0,,,,,,,
MGELX,21.32,2015/12/04,18:45 EST,0.25,,,,,,,,,,,
AAXCX,9.36,2017/04/21,20:00 EDT,0.11,,,,,,,,,,,
RRPIX,40.78,2017/08/04,17:40 EDT,0.48,,,,,,,,,,,
PGNAX,33.96,2017/08/04,17:35 EDT,0.4,,,,,,,,,,,
MSCOX,11.88,2017/08/04,17:20 EDT,0.14,,,,,,,,,,,
PJNQX,35.58,2017/08/04,17:35 EDT,0.42,,,,,,,,,,,
FTSAX,54.98,2015/08/10,18:25 EDT,0.6499977,,,,,,,,,,,
FYNOSX,8.2965,2017/03/03,20:01 EST,0.0982,,,,,,,,,,,
ANCIX,14.34,2017/08/04,17:20 EDT,0.17,,,,,,,,,,,
FITWCX,10.8833,2017/08/04,17:00 EDT,0.1293,,,,,,,,,,,
FOHKMX,10.0041,2015/10/08,20:01 EDT,0.119,,,,,,,,,,,
CMOIX,12.61,2016/05/23,05:36 EDT,0.15,,,,,,,,,,,
BURKX,31.04,2016/06/30,20:00 EDT,0.37,,,,,,,,,,,
FRGIZX,9.7363,2016/03/08,20:01 EST,0.1161,,,,,,,,,,,
AIXIX,7.54,2015/12/21,19:35 EST,0.09000015,,,,,,,,,,,
MSCCCX,9.47131,2016/11/10,18:45 EST,0.113349915,,,,,,,,,,,
CLFRX,12.52,2016/05/23,05:35 EDT,0.15,,,,,,,,,,,
ISCCOX,10.2829,2017/08/04,17:26 EDT,0.1233,,,,,,,,,,,
DCGTX,19.99,2017/08/04,17:16 EDT,0.24,,,,,,,,,,,
RJPNAX,9.3406,2016/06/15,18:45 EDT,0.11219978,,,,,,,,,,,
ISPPWX,11.5109,2017/08/04,17:26 EDT,0.1383,,,,,,,,,,,
FJGUAX,12.4626,2017/03/03,20:01 EST,0.15,,,,,,,,,,,
JSMVX,19.94,2017/08/04,17:16 EDT,0.24,,,,,,,,,,,
FKLQRX,7.3014,2017/08/04,17:00 EDT,-0.1698,,,,,,,,,,,
NMOAX,12.45,2016/05/23,05:27 EDT,0.15,,,,,,,,,,,
MEGPX,24.89,2015/12/04,18:45 EST,0.29999924,,,,,,,,,,,
JAMBX,0.0,1969/12/31,19:00 EST,0.17000008,,,,,,,,,,,
BURNX,28.95,2016/06/30,20:00 EDT,0.35,,,,,,,,,,,
APHVX,10.74,2016/06/10,06:33 EDT,0.13,,,,,,,,,,,
BFFAGX,11.5731,2015/07/10,20:01 EDT,0.1401,,,,,,,,,,,
FBTDX,149.46,2017/08/04,17:36 EDT,1.81,,,,,,,,,,,
FRBRX,157.27,2017/08/04,17:36 EDT,1.91,,,,,,,,,,,
FBDIX,153.14,2017/08/04,17:36 EDT,1.86,,,,,,,,,,,
FTDZX,156.34,2017/08/04,17:37 EDT,1.9,,,,,,,,,,,
ARTVX,10.69,2016/06/10,06:34 EDT,0.13,,,,,,,,,,,
FHOAPX,6.8873,2014/09/08,20:01 EDT,0.0838,,,,,,,,,,,
MOPSX,25.45,2015/12/04,18:45 EST,0.31000137,,,,,,,,,,,
SSGPX,11.49,2017/08/04,17:20 EDT,0.14,,,,,,,,,,,
ANCCX,13.12,2017/08/03,20:00 EDT,0.16,,,,,,,,,,,
MGEIX,25.4,2015/12/04,18:45 EST,0.30999947,,,,,,,,,,,
PAGIX,11.47,2016/03/30,07:29 EDT,0.14,,,,,,,,,,,
FCONJX,11.1725,2015/02/17,20:01 EST,0.1364,,,,,,,,,,,
SMMHGX,9.6435,2017/08/04,17:03 EDT,0.1178,0.0,0.0,0.0,0,,,,,,,
FREYKX,10.5829,2014/10/03,20:01 EDT,0.1295,,,,,,,,,,,
IFIPFX,11.39168,2017/08/03,20:01 EDT,0.13948,,,,,,,,,,,
FHSKCX,8.6318,2017/08/04,17:00 EDT,0.1057,,,,,,,,,,,
MSSLX,11.43,2017/08/04,17:20 EDT,0.14,,,,,,,,,,,
SMMHAX,11.8668,2017/08/03,20:01 EDT,0.1454,,,,,,,,,,,
PAGAX,11.41,2016/03/30,07:29 EDT,0.14,,,,,,,,,,,
FBLICX,9.5789,2015/01/08,20:01 EST,0.1176,,,,,,,,,,,
SMGPCX,8.3536,2016/12/29,20:01 EST,0.1026,,,,,,,,,,,
SSGDX,11.39,2017/08/04,17:20 EDT,0.14,,,,,,,,,,,
FOWBYX,8.7266,2016/01/12,20:01 EST,0.1073,,,,,,,,,,,
SMHDIX,9.4077,2016/12/29,20:01 EST,0.1158,,,,,,,,,,,
FRLQVX,10.697,2016/09/07,20:01 EDT,0.1321,,,,,,,,,,,
FTHYNX,10.2602,2015/02/23,20:01 EST,0.1268,,,,,,,,,,,
FTBKWX,5.9452,2016/11/09,18:45 EST,0.073599815,,,,,,,,,,,
MFLLX,13.73,2017/08/04,17:20 EDT,0.17,,,,,,,,,,,
JINRX,11.27,2017/08/04,17:15 EDT,0.14,,,,,,,,,,,
MSSGX,13.68,2017/08/04,17:20 EDT,0.17,,,,,,,,,,,
TSCRX,0.0,1969/12/31,19:00 EST,0.21999931,,,,,,,,,,,
TASGX,0.0,1969/12/31,19:00 EST,0.23000145,,,,,,,,,,,
JNRAX,11.17,2017/08/04,17:15 EDT,0.14,,,,,,,,,,,
PGEIX,6.38,2017/06/21,20:01 EDT,0.08,,,,,,,,,,,
DXSTX,17.6904,2017/08/04,17:16 EDT,0.2219,,,,,,,,,,,
CMORX,11.95,2016/05/23,05:36 EDT,0.15,,,,,,,,,,,
FHSDLX,8.9987,2017/02/03,20:01 EST,0.1135,,,,,,,,,,,
ILCAX,15.05,2016/04/29,07:22 EDT,0.19,,,,,,,,,,,
MCIOX,11.08,2016/05/23,05:22 EDT,0.14,,,,,,,,,,,
MBIOX,11.07,2016/05/23,05:21 EDT,0.14,,,,,,,,,,,
FTRLIX,7.2883,2015/02/17,20:01 EST,0.0922,,,,,,,,,,,
FMAEPX,9.3954,2015/06/17,17:30 EDT,0.1189,,,,,,,,,,,
FELCRX,8.528,2016/09/12,18:45 EDT,0.10809994,,,,,,,,,,,
FNARX,25.99,2017/08/04,17:19 EDT,0.33,,,,,,,,,,,
FVCPLX,9.7781,2015/06/03,20:01 EDT,0.1242,,,,,,,,,,,
FGDMQX,10.4363,2015/07/22,20:01 EDT,0.1326,,,,,,,,,,,
FJHKLX,9.0452,2017/02/03,20:01 EST,0.115,,,,,,,,,,,
PMVIX,17.23,2016/10/31,20:00 EDT,0.22,,,,,,,,,,,
FTUCX,68.92,2017/08/04,17:18 EDT,0.88,,,,,,,,,,,
FTZCLX,11.5888,2014/12/19,20:01 EST,0.148,,,,,,,,,,,
FEDOLX,9.1293,2015/09/09,20:01 EDT,0.1166,,,,,,,,,,,
FTUIX,69.68,2017/08/04,17:18 EDT,0.89,,,,,,,,,,,
FLEVDX,5.5423,2015/06/19,20:01 EDT,0.0709,,,,,,,,,,,
FQPMFX,10.0493,2017/08/04,17:00 EDT,-0.011,,,,,,,,,,,
FDALCX,9.8914,2017/08/04,17:00 EDT,0.1268,,,,,,,,,,,
PGENX,6.24,2017/06/21,20:01 EDT,0.08,,,,,,,,,,,
FTUAX,69.42,2017/08/04,17:18 EDT,0.89,,,,,,,,,,,
CTITX,10.9,2015/10/09,19:36 EDT,0.13999939,,,,,,,,,,,
FDEKAX,8.0731,2017/08/04,17:00 EDT,0.1037,,,,,,,,,,,
FTUTX,69.07,2017/08/04,17:18 EDT,0.89,,,,,,,,,,,
FSTCX,69.84,2017/08/04,17:18 EDT,0.9,,,,,,,,,,,
ILCCX,14.7,2016/04/29,07:22 EDT,0.19,,,,,,,,,,,
WFTBX,8.48,2017/01/24,20:00 EST,0.11,,,,,,,,,,,
PGECX,6.15,2017/06/21,20:01 EDT,0.08,,,,,,,,,,,
HSOVX,9.96,2017/08/04,17:34 EDT,0.13,0.0,0.0,0.0,0,,,,,,,
HSRVX,9.96,2017/08/04,17:34 EDT,0.13,0.0,0.0,0.0,0,,,,,,,
FCSLTX,12.5301,2014/10/03,20:01 EDT,0.1637,,,,,,,,,,,
PMFCX,16.05,2016/10/31,20:01 EDT,0.21,,,,,,,,,,,
VAMAEX,8.0182,2016/02/12,20:01 EST,0.1051,,,,,,,,,,,
BSVSX,15.41,2017/08/04,17:16 EDT,0.16,,,,,,,,,,,
FGBMUX,9.7732,2017/08/04,17:00 EDT,0.1282,0.0,0.0,0.0,0,,,,,,,
FJHCLX,10.6485,2017/08/04,17:00 EDT,0.1399,,,,,,,,,,,
RYHBX,53.92,2017/08/03,20:01 EDT,0.71,,,,,,,,,,,
RYABX,53.89,2017/08/03,20:01 EDT,0.71,,,,,,,,,,,
FEIGBX,7.4138,2015/05/22,20:01 EDT,0.0978,,,,,,,,,,,
FBRDNX,10.9747,2012/09/24,20:01 EDT,0.1448,,,,,,,,,,,
ILCZX,15.15,2016/04/29,07:22 EDT,0.2,,,,,,,,,,,
ILCIX,15.14,2016/04/29,07:22 EDT,0.2,,,,,,,,,,,
ILCWX,15.13,2016/04/29,07:22 EDT,0.2,,,,,,,,,,,
TOPIX,8.31,2017/08/04,17:16 EDT,0.11,,,,,,,,,,,
RYCGX,53.52,2017/08/03,20:01 EDT,0.71,,,,,,,,,,,
TOPTX,8.29,2017/08/04,17:16 EDT,0.11,,,,,,,,,,,
RYGBX,53.47,2017/08/03,20:00 EDT,0.71,,,,,,,,,,,
FQDZPX,11.8534,2017/08/04,17:00 EDT,0.1577,,,,,,,,,,,
ILCRX,15.01,2016/04/29,07:22 EDT,0.2,,,,,,,,,,,
FQVLBX,8.8531,2017/08/04,17:00 EDT,0.119,,,,,,,,,,,
ACBVX,8.18,2015/10/15,18:45 EDT,0.11000061,,,,,,,,,,,
HDPIX,48.32,2017/08/04,17:16 EDT,0.65,,,,,,,,,,,
SBMDX,23.04,2016/07/06,05:19 EDT,0.31,,,,,,,,,,,
HDPMX,47.55,2017/08/04,17:16 EDT,0.64,,,,,,,,,,,
FAEYCX,9.0098,2017/01/27,20:01 EST,0.1214,,,,,,,,,,,
FSEMVX,9.6967,2016/12/29,20:01 EST,0.1307,,,,,,,,,,,
PMCAX,17.02,2016/10/31,20:01 EDT,0.23,,,,,,,,,,,
TSPEX,7.39,2017/08/04,16:58 EDT,0.1,,,,,,,,,,,
FWLCJX,9.6193,2017/08/04,17:00 EDT,0.1302,0.0,0.0,0.0,0,,,,,,,
CMVPBX,8.4257,2016/12/30,20:01 EST,0.1142,,,,,,,,,,,
FEAUTX,8.946,2016/09/07,20:01 EDT,0.1214,,,,,,,,,,,
FWNBEX,8.8844,2015/01/28,20:01 EST,0.1216,,,,,,,,,,,
SNPSX,47.26,2017/08/04,17:44 EDT,-0.22,,,,,,,,,,,
FVLEBX,9.5993,2015/10/14,20:01 EDT,0.1318,,,,,,,,,,,
FWESHX,9.8352,2014/12/05,20:01 EST,0.1352,,,,,,,,,,,
PEDPX,7.96,2017/08/03,20:01 EDT,0.11,,,,,,,,,,,
PEDIX,7.96,2017/08/03,20:00 EDT,0.11,,,,,,,,,,,
ADCNX,2.17,2016/12/23,10:50 EST,0.03,,,,,,,,,,,
FTCHOX,9.7806,2014/12/03,20:01 EST,0.1359,,,,,,,,,,,
CHEAX,13.67,2016/06/30,07:24 EDT,0.19,,,,,,,,,,,
FVLZRX,11.5897,2016/09/02,18:45 EDT,0.16109943,,,,,,,,,,,
TSPCX,7.19,2017/08/04,16:58 EDT,0.1,,,,,,,,,,,
GVPIX,54.49,2017/08/04,17:40 EDT,-0.66,,,,,,,,,,,
FIDOAX,12.7505,2017/08/04,17:00 EDT,0.1784,,,,,,,,,,,
ATHBX,22.13,2015/10/15,18:45 EDT,0.30999947,,,,,,,,,,,
CGROMX,10.141,2016/12/30,20:01 EST,0.1429,,,,,,,,,,,
ORLRX,17.01,2016/04/04,00:03 EDT,0.24,,,,,,,,,,,
FEHISX,8.5312,2015/11/12,20:01 EST,0.1204,,,,,,,,,,,
NQFNBX,10.7346,2015/10/14,20:01 EDT,0.152,,,,,,,,,,,
PGEAX,6.33,2017/06/21,20:01 EDT,0.09,,,,,,,,,,,
BKPSX,42.83,2017/08/04,17:44 EDT,0.61,,,,,,,,,,,
FGHRUX,10.319,2014/10/03,20:01 EDT,0.1476,,,,,,,,,,,
FVDNOX,12.7393,2017/06/06,20:01 EDT,0.1827,,,,,,,,,,,
PGETX,6.25,2017/06/21,20:01 EDT,0.09,,,,,,,,,,,
BKPIX,45.74,2017/08/04,17:44 EDT,0.66,,,,,,,,,,,
GLDSX,16.62,2016/10/28,20:00 EDT,0.24,,,,,,,,,,,
AFDBX,20.75,2015/10/15,18:45 EDT,0.29999924,,,,,,,,,,,
FAGNX,30.36,2017/08/04,17:18 EDT,0.44,,,,,,,,,,,
VTCAX,48.3,2017/08/04,17:32 EDT,0.7,,,,,,,,,,,
CTPLLX,9.9681,2016/12/30,20:01 EST,0.1448,,,,,,,,,,,
VEDTX,35.32,2017/08/04,17:48 EDT,-0.47,,,,,,,,,,,
CMKTX,8.94,2015/10/09,19:36 EDT,0.12999916,,,,,,,,,,,
BRCABX,7.6407,2016/01/19,20:01 EST,0.1113,,,,,,,,,,,
PGEDX,6.15,2017/06/21,20:01 EDT,0.09,,,,,,,,,,,
FNRCX,27.25,2017/08/04,17:18 EDT,0.4,,,,,,,,,,,
FPRWNX,11.7555,2017/08/04,17:00 EDT,0.1728,,,,,,,,,,,
FWHCBX,9.7926,2015/03/13,20:01 EDT,0.1447,,,,,,,,,,,
FJMPAX,15.1716,2011/12/30,20:01 EST,0.2248,,,,,,,,,,,
FRUSTX,7.5763,2015/01/21,20:01 EST,0.1127,,,,,,,,,,,
SSMVX,26.76,2015/10/23,18:45 EDT,0.39999962,,,,,,,,,,,
TSCCX,6.69,2017/08/04,16:58 EDT,0.1,,,,,,,,,,,
FNKEAX,9.489,2015/08/05,20:01 EDT,0.1439,,,,,,,,,,,
FPNOIX,10.1151,2015/07/22,20:01 EDT,0.1539,,,,,,,,,,,
VKEQTX,10.7485,2011/06/16,20:01 EDT,0.1640997,,,,,,,,,,,
FITLOX,9.963,2015/03/13,20:01 EDT,0.1525,,,,,,,,,,,
BMVIX,11.19,2017/08/04,17:16 EDT,0.11,,,,,,,,,,,
FPOMIX,8.6301,2014/10/03,20:01 EDT,0.1327,,,,,,,,,,,
BMVSX,11.16,2017/08/04,17:16 EDT,0.11,,,,,,,,,,,
FZTYWX,10.7567,2016/12/29,20:01 EST,0.1657,,,,,,,,,,,
UGPIX,16.35,2017/08/04,17:20 EDT,0.15,,,,,,,,,,,
SMGPBX,10.3052,2015/10/28,20:01 EDT,0.1592,,,,,,,,,,,
FRUQPX,12.3984,2017/05/11,20:01 EDT,0.1916,,,,,,,,,,,
FOECWX,11.6603,2017/05/11,20:01 EDT,0.1803,,,,,,,,,,,
FMHKTX,8.9098,2015/09/09,20:01 EDT,0.1392,,,,,,,,,,,
SMHCAX,11.4062,2017/08/04,16:54 EDT,0.1787,,,,,,,,,,,
FSKJMX,9.6443,2015/09/16,20:01 EDT,0.1516,,,,,,,,,,,
WFGTX,14.59,2015/10/23,18:45 EDT,0.2300005,,,,,,,,,,,
FIEWLX,7.9478,2017/08/03,20:01 EDT,0.1256,,,,,,,,,,,
CHESX,15.67,2016/06/30,07:24 EDT,0.25,,,,,,,,,,,
TSSEGX,8.1275,2016/12/30,20:01 EST,0.1298,,,,,,,,,,,
ASVAX,5.62,2016/05/23,05:30 EDT,0.09,,,,,,,,,,,
EVGIX,15.57,2017/08/04,17:31 EDT,0.25,,,,,,,,,,,
TSDSGX,10.3743,2016/12/30,20:01 EST,0.1666,,,,,,,,,,,
CDOWUX,10.5769,2016/12/30,20:01 EST,0.1704,,,,,,,,,,,
WFSBX,37.23,2017/01/24,20:01 EST,0.6,,,,,,,,,,,
EVGBX,15.47,2017/08/04,17:31 EDT,0.25,,,,,,,,,,,
EXMCX,14.22,2015/12/04,20:00 EST,0.23,,,,,,,,,,,
FAIROX,9.18,2014/10/03,20:01 EDT,0.1489,,,,,,,,,,,
ALBVX,8.63,2015/10/15,18:45 EDT,0.14000034,,,,,,,,,,,
SLGIX,16.56,2015/10/23,18:45 EDT,0.26999855,,,,,,,,,,,
RSVTX,5.52,2016/05/23,05:38 EDT,0.09,,,,,,,,,,,
ISMCCX,10.7018,2017/08/04,17:26 EDT,0.1754,,,,,,,,,,,
CAVIX,6.06,2016/05/23,06:15 EDT,0.1,,,,,,,,,,,
FPSTAX,6.0455,2017/02/03,20:01 EST,0.1,,,,,,,,,,,
SMMHBX,9.1828,2017/08/03,20:01 EDT,0.152,,,,,,,,,,,
APVCX,4.81,2016/05/23,05:30 EDT,0.08,,,,,,,,,,,
EIMCX,14.42,2015/12/04,20:00 EST,0.24,,,,,,,,,,,
CMAZX,6.0,2016/05/23,06:17 EDT,0.1,,,,,,,,,,,
ASVBX,4.79,2016/05/23,05:30 EDT,0.08,,,,,,,,,,,
FNUHGX,7.9295,2015/02/13,20:01 EST,0.1327,,,,,,,,,,,
FBIAHX,9.8988,2015/05/26,20:01 EDT,0.1657,,,,,,,,,,,
FSCRWX,7.1747,2016/12/29,20:01 EST,0.1202,,,,,,,,,,,
CMAYX,5.96,2016/05/23,06:17 EDT,0.1,,,,,,,,,,,
FDLANX,8.6788,2017/08/03,20:01 EDT,0.146,,,,,,,,,,,
CGROJX,10.628,2015/08/26,20:01 EDT,0.1789,,,,,,,,,,,
FHOTMX,9.2549,2015/02/13,20:01 EST,0.156,,,,,,,,,,,
FEORKX,9.3951,2016/03/24,20:01 EDT,0.1589,,,,,,,,,,,
FRLBOX,11.45,2014/10/27,11:00 EDT,0.1942,,,,,,,,,,,
FUEGHX,12.2681,2014/11/17,20:01 EST,0.2082,,,,,,,,,,,
FSLTVX,8.4583,2017/05/15,20:01 EDT,0.1442,,,,,,,,,,,
FCIHRX,8.5165,2015/06/29,20:01 EDT,0.1458,,,,,,,,,,,
RSGLX,5.83,2016/05/23,05:37 EDT,0.1,,,,,,,,,,,
FZITRX,6.1373,2016/09/07,20:01 EDT,0.1054,,,,,,,,,,,
DRAFX,9.89,2017/08/04,17:15 EDT,0.17,,,,,,,,,,,
BENUX,7.56,2017/08/04,17:31 EDT,0.13,,,,,,,,,,,
FBSRDX,10.4021,2014/06/18,20:01 EDT,0.1797,,,,,,,,,,,
ALQDX,16.74,2015/11/12,18:45 EST,0.289999,,,,,,,,,,,
EBMCX,12.1,2015/12/04,20:00 EST,0.21,,,,,,,,,,,
ECMCX,12.09,2015/12/04,20:00 EST,0.21,,,,,,,,,,,
RSVRX,5.75,2016/05/23,05:38 EDT,0.1,,,,,,,,,,,
RREIX,12.61,2017/08/04,17:34 EDT,0.22,,,,,,,,,,,
DFZRX,24.56,2017/08/04,17:27 EDT,0.43,,,,,,,,,,,
DFDIX,24.55,2017/08/04,17:27 EDT,0.43,,,,,,,,,,,
FBMLEX,10.6118,2016/09/07,20:01 EDT,0.1862,,,,,,,,,,,
CMEACX,7.8269,2016/12/30,20:01 EST,0.1377,,,,,,,,,,,
BRDZX,13.07,2017/08/04,17:32 EDT,0.02,,,,,,,,,,,
DFRIX,16.95,2017/08/04,17:27 EDT,0.3,,,,,,,,,,,
FLYICX,10.2984,2016/12/29,20:01 EST,0.1831,,,,,,,,,,,
FBARIX,10.7787,2015/07/14,20:01 EDT,0.1917,,,,,,,,,,,
FLQNUX,10.2396,2014/10/03,20:01 EDT,0.183,,,,,,,,,,,
FGINGX,10.6342,2017/05/11,20:01 EDT,0.1902,,,,,,,,,,,
TSZDGX,8.6723,2016/12/30,20:01 EST,0.1555,,,,,,,,,,,
DEEVX,9.47,2017/08/04,17:27 EDT,0.17,,,,,,,,,,,
FABLNX,7.7383,2015/03/18,20:01 EDT,0.1394,,,,,,,,,,,
TTNVX,7.77,2015/12/30,19:29 EST,0.13999987,,,,,,,,,,,
RJPNCX,9.8082,2017/01/12,20:01 EST,0.177,,,,,,,,,,,
CZRSCX,8.5616,2016/12/30,20:01 EST,0.1554,,,,,,,,,,,
FAHJNX,9.7621,2014/10/03,20:01 EDT,0.1784,,,,,,,,,,,
RSCVX,5.95,2016/05/23,05:37 EDT,0.11,,,,,,,,,,,
XNDPX,12.72,2017/08/04,17:41 EDT,0.24,,,,,,,,,,,
FCKHOX,7.7991,2015/01/26,20:01 EST,0.1482,,,,,,,,,,,
ETCHX,23.14,2017/08/04,17:12 EDT,0.44,,,,,,,,,,,
FLCIX,7.4823,2016/03/11,18:45 EST,0.14229965,,,,,,,,,,,
TREFX,6.82,2015/08/28,18:36 EDT,0.13000011,,,,,,,,,,,
ETNHX,24.02,2017/08/04,17:12 EDT,0.46,,,,,,,,,,,
FGMOIX,10.7952,2016/09/07,20:01 EDT,0.2087,,,,,,,,,,,
FOYAHX,10.4437,2016/12/29,20:01 EST,0.2028,,,,,,,,,,,
MCDNX,15.0016,2016/02/12,18:45 EST,0.29160023,,,,,,,,,,,
FDGYVX,8.2075,2015/03/10,20:01 EDT,0.1596,,,,,,,,,,,
PCPRX,4.6,2016/01/21,18:45 EST,0.089999676,,,,,,,,,,,
MCDRX,14.9936,2016/02/12,18:45 EST,0.29360008,,,,,,,,,,,
BFGIX,15.23,2017/08/04,17:30 EDT,-0.03,,,,,,,,,,,
IVENCNX,16.25,2017/08/04,17:33 EDT,0.32,,,,,,,,,,,
FRIAEX,8.0785,2014/10/03,20:01 EDT,0.16,,,,,,,,,,,
FLCAX,7.4271,2016/03/11,18:45 EST,0.14709997,,,,,,,,,,,
CLIDX,9.52,2016/02/12,18:45 EST,0.19000053,,,,,,,,,,,
WCPSX,65.5,2017/08/04,17:43 EDT,1.31,,,,,,,,,,,
WCPIX,77.92,2017/08/04,17:43 EDT,1.56,,,,,,,,,,,
FLEHOX,7.6499,2015/01/30,20:01 EST,0.1532,,,,,,,,,,,
ADENX,14.44,2016/12/23,10:49 EST,0.29,,,,,,,,,,,
FABESX,8.3202,2016/03/29,20:01 EDT,0.1678,,,,,,,,,,,
STMAX,9.85,2017/08/03,20:01 EDT,0.2,,,,,,,,,,,
FKLICX,8.4316,2015/02/11,20:01 EST,0.1721,,,,,,,,,,,
SMHDDX,10.3674,2015/03/18,20:01 EDT,0.212,,,,,,,,,,,
TREIX,6.83,2015/08/28,18:36 EDT,0.13999987,,,,,,,,,,,
ASIMX,12.38,2017/08/04,16:57 EDT,-0.03,,,,,,,,,,,
FTGUHX,9.8752,2016/12/29,20:01 EST,0.2077,,,,,,,,,,,
FMRAOX,8.5026,2015/02/11,20:01 EST,0.1808,,,,,,,,,,,
FPEGIX,9.4923,2015/01/28,20:01 EST,0.2021,,,,,,,,,,,
FGRLEX,9.3525,2015/01/21,20:01 EST,0.2017,,,,,,,,,,,
EURSCX,8.0678,2016/02/12,20:01 EST,0.1759,,,,,,,,,,,
INEDHX,8.0091,2015/09/09,20:01 EDT,0.1749,,,,,,,,,,,
CWSVX,15.47,2016/07/05,16:03 EDT,0.34,,,,,,,,,,,
WFTZX,10.82,2015/10/23,18:45 EDT,0.23999977,,,,,,,,,,,
AMREX,4.03,2017/08/04,17:12 EDT,0.09,,,,,,,,,,,
FOBTJX,9.156,2015/08/07,20:01 EDT,0.2078,,,,,,,,,,,
FTHCIX,8.908,2015/02/11,20:01 EST,0.2031,,,,,,,,,,,
FCRAFX,9.9681,2014/10/03,20:01 EDT,0.2284,,,,,,,,,,,
RYAOX,22.22,2015/09/30,18:45 EDT,0.5100002,,,,,,,,,,,
FABYZX,9.5363,2015/10/23,20:01 EDT,0.2208,,,,,,,,,,,
FYNALX,5.066,2015/04/23,20:01 EDT,0.1174,,,,,,,,,,,
ANOBX,12.05,2015/10/15,18:45 EDT,0.27999973,,,,,,,,,,,
CACETX,11.4436,2015/08/26,20:01 EDT,0.2702,,,,,,,,,,,
FYERTX,8.6838,2015/01/23,20:01 EST,0.2068,,,,,,,,,,,
FAETMX,8.1144,2015/02/13,20:01 EST,0.1933,,,,,,,,,,,
TEFQX,8.69,2017/08/04,17:31 EDT,0.21,,,,,,,,,,,
FJRNAX,8.9689,2015/06/08,20:01 EDT,0.2169,,,,,,,,,,,
FREATX,8.9663,2015/06/08,20:01 EDT,0.2175,,,,,,,,,,,
CSSBX,24.28,2017/08/04,17:30 EDT,0.59,,,,,,,,,,,
EKWBX,30.79,2017/05/05,20:00 EDT,0.76,,,,,,,,,,,
FCYHJX,7.8779,2015/12/02,20:01 EST,0.1946,,,,,,,,,,,
JSIGX,18.58,2017/08/04,17:16 EDT,0.47,,,,,,,,,,,
JSCGX,18.35,2017/08/04,17:16 EDT,0.47,,,,,,,,,,,
FZYQPX,10.5673,2016/07/29,18:45 EDT,0.2841997,,,,,,,,,,,
FACDRX,7.6483,2015/01/21,20:01 EST,0.2068,,,,,,,,,,,
FDHKSX,8.3448,2016/12/29,20:01 EST,0.2269,,,,,,,,,,,
RYNAX,40.3,2015/09/30,18:45 EDT,1.1100006,,,,,,,,,,,
FSVRUX,4.5029,2015/01/30,20:01 EST,0.1313,,,,,,,,,,,
FLOGCX,8.9609,2015/01/21,20:01 EST,0.2697,,,,,,,,,,,
FAPREX,9.2069,2015/01/21,20:01 EST,0.28,,,,,,,,,,,
FWPRQX,6.3658,2015/03/11,20:01 EDT,0.1957,,,,,,,,,,,
FEMPLX,6.8193,2017/07/07,20:01 EDT,0.2138,,,,,,,,,,,
MCRIX,6.97,2017/08/03,20:01 EDT,0.22,,,,,,,,,,,
MCRNX,6.93,2017/08/03,20:01 EDT,0.22,,,,,,,,,,,
MCRAX,6.89,2017/08/03,20:01 EDT,0.22,,,,,,,,,,,
DVLAX,9.7,2016/01/22,18:45 EST,0.30999947,,,,,,,,,,,
DICVX,9.64,2016/01/22,18:45 EST,0.31000042,,,,,,,,,,,
DIRVX,9.59,2016/01/22,18:45 EST,0.31000042,,,,,,,,,,,
ELKWAX,10.80875,2017/08/03,20:01 EDT,0.35421,,,,,,,,,,,
MCRCX,6.7,2017/08/03,20:01 EDT,0.22,,,,,,,,,,,
XREHOX,106.1,2016/11/22,20:01 EST,3.52,,,,,,,,,,,
XREHUX,106.65,2016/11/22,20:01 EST,3.54,,,,,,,,,,,
FPADEX,4.4505,2015/03/04,20:01 EST,0.148,,,,,,,,,,,
CENPOX,6.3677,2015/08/26,20:01 EDT,0.214,,,,,,,,,,,
INEDIX,8.7827,2015/12/09,20:01 EST,0.3124,,,,,,,,,,,
CMLPDX,5.0781,2015/12/23,20:01 EST,0.1911,,,,,,,,,,,
FZVHUX,5.0506,2015/01/28,20:01 EST,0.1933,,,,,,,,,,,
FMLLKX,7.5551,2014/10/03,20:01 EDT,0.3097,,,,,,,,,,,
CIFVX,10.0,2016/11/22,20:00 EST,0.45,,,,,,,,,,,
CRFVX,10.0,2016/11/22,20:00 EST,0.5,,,,,,,,,,,
FGDBX,22.9,2016/06/27,09:29 EDT,1.18,,,,,,,,,,,
FHTSJX,9.2996,2015/05/04,11:27 EDT,0.552,,,,,,,,,,,
PVVVX,11.75,2017/08/03,20:01 EDT,1.71,,,,,,,,,,,
INNTBX,10.9348,2017/08/03,20:01 EDT,1.6133,,,,,,,,,,,
GCSFX,12.17,2017/04/03,20:00 EDT,2.16,,,,,,,,,,,
MMZYX,8.33,2017/08/03,20:01 EDT,1.66,,,,,,,,,,,
PNNUX,13.61,2017/08/03,20:01 EDT,3.57,,,,,,,,,,,
YYYYYX,18.4917,2017/08/03,20:01 EDT,5.292,,,,,,,,,,,
FRJIX,270.0,2017/08/03,20:00 EDT,220.25,,,,,,,,,,,
XZTSX,5.0,2017/08/03,20:01 EDT,4.1,,,,,,,,,,,
PHYYX,812.42,2017/05/23,20:00 EDT,804.94,,,,,,,,,,,
LBHRX,8.92,2017/08/03,20:01 EDT,0.28,,,,,,,,,,,
FAHBMX,11.6106,2017/07/07,20:01 EDT,11.610588,,,,,,,,,,,
ZZZZEX,888.88,2017/08/03,20:00 EDT,888.8791,,,,,,,,,,,
XZZZWX,55.5555,2017/08/03,20:01 EDT,55.555443,,,,,,,,,,,
FWRBGX,10.2194,2017/06/12,20:01 EDT,10.21939,,,,,,,,,,,
XZZZUX,3333.33,2017/08/03,20:01 EDT,3333.3267,,,,,,,,,,,
ZZZZBX,777.77,2017/08/03,20:00 EDT,777.7692,,,,,,,,,,,
BHBHX,5.16,2017/08/03,20:00 EDT,5.1599946,,,,,,,,,,,
QPVTPX,9.5,2017/06/07,20:00 EDT,9.49999,,,,,,,,,,,
FSULMX,10.5632,2017/07/07,20:01 EDT,10.5631895,,,,,,,,,,,
XBLCX,9.61,2017/08/03,20:01 EDT,9.60999,,,,,,,,,,,
XZZZYX,1234.1234,2017/08/03,20:01 EDT,1234.1222,,,,,,,,,,,
XZZZTX,2222.22,2017/08/03,20:01 EDT,2222.2178,,,,,,,,,,,
XZZZSX,1111.11,2017/08/03,20:01 EDT,1111.1089,,,,,,,,,,,
VKVLLX,8.73017,2017/08/03,20:01 EDT,8.730162,,,,,,,,,,,
QZZZYX,101.0,2017/08/03,20:00 EDT,1.0,,,,,,,,,,,
FPBQEX,11.657,2017/07/07,20:01 EDT,11.656988,,,,,,,,,,,
INNGAX,9.7815,2017/08/03,20:01 EDT,9.78149,,,,,,,,,,,
SPPPX,10.79,2017/08/03,20:01 EDT,10.789989,,,,,,,,,,,
XZZZVX,444.4444,2017/08/03,20:01 EDT,444.44397,,,,,,,,,,,
QZZZZX,1525.1234,2017/08/03,20:00 EDT,1525.122,,,,,,,,,,,
SUNGX,10.0,2017/08/03,20:01 EDT,0.0,,,,,,,,,,,
NNNOX,32.01,2017/08/03,20:01 EDT,32.009968,,,,,,,,,,,
ZZZZAX,6666.6665,2017/08/03,20:00 EDT,6666.66,,,,,,,,,,,
